BEGIN;
INSERT INTO hr.departments (id,code,name) VALUES ('11b0e354-a8b7-44e0-add4-59c6669fbcab','ENG','Engineering');
INSERT INTO hr.departments (id,code,name) VALUES ('f094a802-ce89-49d4-9069-1c1f215da62e','FIN','Finance');
INSERT INTO hr.departments (id,code,name) VALUES ('71f129d1-7ffd-4c71-b49a-c647be10aa53','HR','Human Resources');
INSERT INTO hr.departments (id,code,name) VALUES ('2d142b32-c924-4703-8c3b-ac01ca5aa383','MKT','Marketing');
INSERT INTO hr.departments (id,code,name) VALUES ('43b33c49-632d-4435-985c-30e4f3f1562d','OPS','Operations');
INSERT INTO hr.departments (id,code,name) VALUES ('3d43fcb4-c433-4010-a7b7-53494765eb7d','SALES','Sales');
INSERT INTO hr.departments (id,code,name) VALUES ('d25c2278-1f93-4ee9-b199-9bb4723a8ff7','IT','Information Technology');
INSERT INTO hr.departments (id,code,name) VALUES ('79d02852-e30c-408e-a67f-70276eea0a62','LEGAL','Legal');
INSERT INTO hr.employees (id,employee_number,first_name,last_name,email,department_id,position_title,hire_date,base_salary_cents,status) VALUES ('3f539300-6bc8-4562-b760-ad06f42fe242','EMP0001','James','Smith','james.smith0@nexus.com','2d142b32-c924-4703-8c3b-ac01ca5aa383','Software Engineer','2022-10-16',772100,'ACTIVE');
INSERT INTO hr.employees (id,employee_number,first_name,last_name,email,department_id,position_title,hire_date,base_salary_cents,status) VALUES ('f9cf22ff-caeb-4082-aa93-98aedeca4a38','EMP0002','Mary','Johnson','mary.johnson1@nexus.com','11b0e354-a8b7-44e0-add4-59c6669fbcab','Software Engineer','2024-12-03',591900,'ACTIVE');
INSERT INTO hr.employees (id,employee_number,first_name,last_name,email,department_id,position_title,hire_date,base_salary_cents,status) VALUES ('b31bdf2a-88cf-445f-8166-6ba7f316f8cb','EMP0003','Robert','Williams','robert.williams2@nexus.com','2d142b32-c924-4703-8c3b-ac01ca5aa383','Sales Rep','2023-03-30',1130800,'ACTIVE');
INSERT INTO hr.employees (id,employee_number,first_name,last_name,email,department_id,position_title,hire_date,base_salary_cents,status) VALUES ('f515d582-5593-44a3-b17d-072e57685b46','EMP0004','Patricia','Brown','patricia.brown3@nexus.com','11b0e354-a8b7-44e0-add4-59c6669fbcab','DevOps Engineer','2020-05-28',1186400,'ACTIVE');
INSERT INTO hr.employees (id,employee_number,first_name,last_name,email,department_id,position_title,hire_date,base_salary_cents,status) VALUES ('227177dd-7acb-4127-85d3-ade6e2093402','EMP0005','John','Jones','john.jones4@nexus.com','d25c2278-1f93-4ee9-b199-9bb4723a8ff7','Legal Counsel','2024-11-06',1014100,'ACTIVE');
INSERT INTO hr.employees (id,employee_number,first_name,last_name,email,department_id,position_title,hire_date,base_salary_cents,status) VALUES ('7511ed5f-0dee-4117-b6ba-9a71972e79b9','EMP0006','Jennifer','Garcia','jennifer.garcia5@nexus.com','3d43fcb4-c433-4010-a7b7-53494765eb7d','Sales Rep','2022-02-10',1141100,'ACTIVE');
INSERT INTO hr.employees (id,employee_number,first_name,last_name,email,department_id,position_title,hire_date,base_salary_cents,status) VALUES ('af15d1ba-a079-4400-ac57-015e5fe26265','EMP0007','Michael','Miller','michael.miller6@nexus.com','43b33c49-632d-4435-985c-30e4f3f1562d','Sales Rep','2023-11-16',1106200,'ACTIVE');
INSERT INTO hr.employees (id,employee_number,first_name,last_name,email,department_id,position_title,hire_date,base_salary_cents,status) VALUES ('4970b504-7f90-4f3d-a5dd-7ddf75d2f26c','EMP0008','Linda','Davis','linda.davis7@nexus.com','71f129d1-7ffd-4c71-b49a-c647be10aa53','Marketing Analyst','2021-09-29',683700,'ACTIVE');
INSERT INTO hr.employees (id,employee_number,first_name,last_name,email,department_id,position_title,hire_date,base_salary_cents,status) VALUES ('68a31a6a-ec0e-4fac-a162-fecf029fc46a','EMP0009','David','Rodriguez','david.rodriguez8@nexus.com','43b33c49-632d-4435-985c-30e4f3f1562d','Accountant','2022-11-15',795000,'ACTIVE');
INSERT INTO hr.employees (id,employee_number,first_name,last_name,email,department_id,position_title,hire_date,base_salary_cents,status) VALUES ('c50e4b71-4ff8-48fb-8ccc-3c756ee273de','EMP0010','Elizabeth','Martinez','elizabeth.martinez9@nexus.com','2d142b32-c924-4703-8c3b-ac01ca5aa383','Legal Counsel','2022-07-17',787200,'ACTIVE');
INSERT INTO hr.employees (id,employee_number,first_name,last_name,email,department_id,position_title,hire_date,base_salary_cents,status) VALUES ('3673c158-eea6-43b0-a3c7-9f4255f50a5c','EMP0011','William','Anderson','william.anderson10@nexus.com','43b33c49-632d-4435-985c-30e4f3f1562d','Sales Rep','2023-12-09',494600,'ACTIVE');
INSERT INTO hr.employees (id,employee_number,first_name,last_name,email,department_id,position_title,hire_date,base_salary_cents,status) VALUES ('7700dbf5-edd1-46c9-b4a3-7da8104531b9','EMP0012','Barbara','Taylor','barbara.taylor11@nexus.com','d25c2278-1f93-4ee9-b199-9bb4723a8ff7','Sales Rep','2024-03-09',670000,'ACTIVE');
INSERT INTO hr.employees (id,employee_number,first_name,last_name,email,department_id,position_title,hire_date,base_salary_cents,status) VALUES ('f11ac6f6-61ba-4797-a3f6-f6d796f30786','EMP0013','Richard','Thomas','richard.thomas12@nexus.com','2d142b32-c924-4703-8c3b-ac01ca5aa383','Software Engineer','2022-02-07',553900,'ACTIVE');
INSERT INTO hr.employees (id,employee_number,first_name,last_name,email,department_id,position_title,hire_date,base_salary_cents,status) VALUES ('90bf0cb9-95fe-4b34-9fed-f8f51d701159','EMP0014','Susan','Jackson','susan.jackson13@nexus.com','d25c2278-1f93-4ee9-b199-9bb4723a8ff7','Marketing Analyst','2020-06-23',1017700,'ACTIVE');
INSERT INTO hr.employees (id,employee_number,first_name,last_name,email,department_id,position_title,hire_date,base_salary_cents,status) VALUES ('b4ae6a78-8300-49a5-b7a4-0fffe314d69a','EMP0015','Joseph','White','joseph.white14@nexus.com','79d02852-e30c-408e-a67f-70276eea0a62','Software Engineer','2022-01-29',1195100,'ACTIVE');
INSERT INTO hr.employees (id,employee_number,first_name,last_name,email,department_id,position_title,hire_date,base_salary_cents,status) VALUES ('783fa4a6-072c-43ed-ac83-aece116d357a','EMP0016','Jessica','Harris','jessica.harris15@nexus.com','71f129d1-7ffd-4c71-b49a-c647be10aa53','Marketing Analyst','2024-11-12',1057700,'ACTIVE');
INSERT INTO hr.employees (id,employee_number,first_name,last_name,email,department_id,position_title,hire_date,base_salary_cents,status) VALUES ('65812526-4d60-402f-995a-cc1c14126424','EMP0017','Thomas','Smith','thomas.smith16@nexus.com','43b33c49-632d-4435-985c-30e4f3f1562d','Sales Rep','2021-12-12',713200,'ACTIVE');
INSERT INTO hr.employees (id,employee_number,first_name,last_name,email,department_id,position_title,hire_date,base_salary_cents,status) VALUES ('5eb201d4-9a59-4ff7-a18b-65ac31908531','EMP0018','Sarah','Johnson','sarah.johnson17@nexus.com','11b0e354-a8b7-44e0-add4-59c6669fbcab','Operations Manager','2023-07-19',615000,'ACTIVE');
INSERT INTO hr.employees (id,employee_number,first_name,last_name,email,department_id,position_title,hire_date,base_salary_cents,status) VALUES ('04433270-d122-4d51-a4a9-cb0f9013ace3','EMP0019','Charles','Williams','charles.williams18@nexus.com','3d43fcb4-c433-4010-a7b7-53494765eb7d','Operations Manager','2021-11-20',412200,'ACTIVE');
INSERT INTO hr.employees (id,employee_number,first_name,last_name,email,department_id,position_title,hire_date,base_salary_cents,status) VALUES ('910e1495-3fab-4073-a5f0-77182c871495','EMP0020','Karen','Brown','karen.brown19@nexus.com','2d142b32-c924-4703-8c3b-ac01ca5aa383','Marketing Analyst','2023-01-24',445800,'ACTIVE');
INSERT INTO hr.employees (id,employee_number,first_name,last_name,email,department_id,position_title,hire_date,base_salary_cents,status) VALUES ('26205648-3a07-46de-b6c2-d10450f44a7d','EMP0021','Daniel','Jones','daniel.jones20@nexus.com','79d02852-e30c-408e-a67f-70276eea0a62','Marketing Analyst','2022-09-03',997600,'ACTIVE');
INSERT INTO hr.employees (id,employee_number,first_name,last_name,email,department_id,position_title,hire_date,base_salary_cents,status) VALUES ('fa2af19d-a189-426f-a31e-511d28b04aa3','EMP0022','Nancy','Garcia','nancy.garcia21@nexus.com','2d142b32-c924-4703-8c3b-ac01ca5aa383','Accountant','2024-03-11',1163300,'ACTIVE');
INSERT INTO hr.employees (id,employee_number,first_name,last_name,email,department_id,position_title,hire_date,base_salary_cents,status) VALUES ('2994f5a7-8be7-4d62-920c-ad60d6df64b0','EMP0023','Matthew','Miller','matthew.miller22@nexus.com','43b33c49-632d-4435-985c-30e4f3f1562d','Sales Rep','2022-08-25',771700,'ACTIVE');
INSERT INTO hr.employees (id,employee_number,first_name,last_name,email,department_id,position_title,hire_date,base_salary_cents,status) VALUES ('7324e404-36b5-4965-95ea-7ccf37ba05fd','EMP0024','Lisa','Davis','lisa.davis23@nexus.com','d25c2278-1f93-4ee9-b199-9bb4723a8ff7','Legal Counsel','2022-07-03',1147600,'ACTIVE');
INSERT INTO hr.employees (id,employee_number,first_name,last_name,email,department_id,position_title,hire_date,base_salary_cents,status) VALUES ('70c89ebc-97af-4e4e-b3dc-3fedea992313','EMP0025','James','Rodriguez','james.rodriguez24@nexus.com','f094a802-ce89-49d4-9069-1c1f215da62e','Legal Counsel','2021-11-15',913100,'ACTIVE');
INSERT INTO hr.employees (id,employee_number,first_name,last_name,email,department_id,position_title,hire_date,base_salary_cents,status) VALUES ('e2be72bb-9208-4b40-b865-07f46bbf22da','EMP0026','Mary','Martinez','mary.martinez25@nexus.com','f094a802-ce89-49d4-9069-1c1f215da62e','Legal Counsel','2022-06-18',688900,'ACTIVE');
INSERT INTO hr.employees (id,employee_number,first_name,last_name,email,department_id,position_title,hire_date,base_salary_cents,status) VALUES ('4095860a-a26d-40bd-9902-de9930c24c63','EMP0027','Robert','Anderson','robert.anderson26@nexus.com','3d43fcb4-c433-4010-a7b7-53494765eb7d','Legal Counsel','2020-11-22',673000,'ACTIVE');
INSERT INTO hr.employees (id,employee_number,first_name,last_name,email,department_id,position_title,hire_date,base_salary_cents,status) VALUES ('b8266cae-bc62-486a-9a26-366ec24011d5','EMP0028','Patricia','Taylor','patricia.taylor27@nexus.com','2d142b32-c924-4703-8c3b-ac01ca5aa383','HR Specialist','2020-12-31',787000,'ACTIVE');
INSERT INTO hr.employees (id,employee_number,first_name,last_name,email,department_id,position_title,hire_date,base_salary_cents,status) VALUES ('de504c1a-a4bc-4bfc-9581-c7938c4428e8','EMP0029','John','Thomas','john.thomas28@nexus.com','d25c2278-1f93-4ee9-b199-9bb4723a8ff7','HR Specialist','2023-05-28',693900,'ACTIVE');
INSERT INTO hr.employees (id,employee_number,first_name,last_name,email,department_id,position_title,hire_date,base_salary_cents,status) VALUES ('51282ff8-202e-44f9-a759-0779119f91f0','EMP0030','Jennifer','Jackson','jennifer.jackson29@nexus.com','43b33c49-632d-4435-985c-30e4f3f1562d','Software Engineer','2024-02-25',418900,'ACTIVE');
UPDATE hr.departments SET manager_id='3f539300-6bc8-4562-b760-ad06f42fe242' WHERE id='11b0e354-a8b7-44e0-add4-59c6669fbcab';
UPDATE hr.departments SET manager_id='f9cf22ff-caeb-4082-aa93-98aedeca4a38' WHERE id='f094a802-ce89-49d4-9069-1c1f215da62e';
UPDATE hr.departments SET manager_id='b31bdf2a-88cf-445f-8166-6ba7f316f8cb' WHERE id='71f129d1-7ffd-4c71-b49a-c647be10aa53';
UPDATE hr.departments SET manager_id='f515d582-5593-44a3-b17d-072e57685b46' WHERE id='2d142b32-c924-4703-8c3b-ac01ca5aa383';
UPDATE hr.departments SET manager_id='227177dd-7acb-4127-85d3-ade6e2093402' WHERE id='43b33c49-632d-4435-985c-30e4f3f1562d';
UPDATE hr.departments SET manager_id='7511ed5f-0dee-4117-b6ba-9a71972e79b9' WHERE id='3d43fcb4-c433-4010-a7b7-53494765eb7d';
UPDATE hr.departments SET manager_id='af15d1ba-a079-4400-ac57-015e5fe26265' WHERE id='d25c2278-1f93-4ee9-b199-9bb4723a8ff7';
UPDATE hr.departments SET manager_id='4970b504-7f90-4f3d-a5dd-7ddf75d2f26c' WHERE id='79d02852-e30c-408e-a67f-70276eea0a62';
INSERT INTO hr.leave_balances (employee_id,leave_type_id,fiscal_year,total_allocated,used,pending) SELECT '3f539300-6bc8-4562-b760-ad06f42fe242', id, '2026', default_days_per_year, 4, 1 FROM hr.leave_types WHERE is_active=true;
INSERT INTO hr.leave_balances (employee_id,leave_type_id,fiscal_year,total_allocated,used,pending) SELECT 'f9cf22ff-caeb-4082-aa93-98aedeca4a38', id, '2026', default_days_per_year, 4, 0 FROM hr.leave_types WHERE is_active=true;
INSERT INTO hr.leave_balances (employee_id,leave_type_id,fiscal_year,total_allocated,used,pending) SELECT 'b31bdf2a-88cf-445f-8166-6ba7f316f8cb', id, '2026', default_days_per_year, 1, 2 FROM hr.leave_types WHERE is_active=true;
INSERT INTO hr.leave_balances (employee_id,leave_type_id,fiscal_year,total_allocated,used,pending) SELECT 'f515d582-5593-44a3-b17d-072e57685b46', id, '2026', default_days_per_year, 2, 2 FROM hr.leave_types WHERE is_active=true;
INSERT INTO hr.leave_balances (employee_id,leave_type_id,fiscal_year,total_allocated,used,pending) SELECT '227177dd-7acb-4127-85d3-ade6e2093402', id, '2026', default_days_per_year, 5, 0 FROM hr.leave_types WHERE is_active=true;
INSERT INTO hr.leave_balances (employee_id,leave_type_id,fiscal_year,total_allocated,used,pending) SELECT '7511ed5f-0dee-4117-b6ba-9a71972e79b9', id, '2026', default_days_per_year, 5, 0 FROM hr.leave_types WHERE is_active=true;
INSERT INTO hr.leave_balances (employee_id,leave_type_id,fiscal_year,total_allocated,used,pending) SELECT 'af15d1ba-a079-4400-ac57-015e5fe26265', id, '2026', default_days_per_year, 2, 2 FROM hr.leave_types WHERE is_active=true;
INSERT INTO hr.leave_balances (employee_id,leave_type_id,fiscal_year,total_allocated,used,pending) SELECT '4970b504-7f90-4f3d-a5dd-7ddf75d2f26c', id, '2026', default_days_per_year, 0, 1 FROM hr.leave_types WHERE is_active=true;
INSERT INTO hr.leave_balances (employee_id,leave_type_id,fiscal_year,total_allocated,used,pending) SELECT '68a31a6a-ec0e-4fac-a162-fecf029fc46a', id, '2026', default_days_per_year, 3, 0 FROM hr.leave_types WHERE is_active=true;
INSERT INTO hr.leave_balances (employee_id,leave_type_id,fiscal_year,total_allocated,used,pending) SELECT 'c50e4b71-4ff8-48fb-8ccc-3c756ee273de', id, '2026', default_days_per_year, 3, 0 FROM hr.leave_types WHERE is_active=true;
INSERT INTO hr.leave_balances (employee_id,leave_type_id,fiscal_year,total_allocated,used,pending) SELECT '3673c158-eea6-43b0-a3c7-9f4255f50a5c', id, '2026', default_days_per_year, 1, 2 FROM hr.leave_types WHERE is_active=true;
INSERT INTO hr.leave_balances (employee_id,leave_type_id,fiscal_year,total_allocated,used,pending) SELECT '7700dbf5-edd1-46c9-b4a3-7da8104531b9', id, '2026', default_days_per_year, 5, 2 FROM hr.leave_types WHERE is_active=true;
INSERT INTO hr.leave_balances (employee_id,leave_type_id,fiscal_year,total_allocated,used,pending) SELECT 'f11ac6f6-61ba-4797-a3f6-f6d796f30786', id, '2026', default_days_per_year, 3, 2 FROM hr.leave_types WHERE is_active=true;
INSERT INTO hr.leave_balances (employee_id,leave_type_id,fiscal_year,total_allocated,used,pending) SELECT '90bf0cb9-95fe-4b34-9fed-f8f51d701159', id, '2026', default_days_per_year, 5, 0 FROM hr.leave_types WHERE is_active=true;
INSERT INTO hr.leave_balances (employee_id,leave_type_id,fiscal_year,total_allocated,used,pending) SELECT 'b4ae6a78-8300-49a5-b7a4-0fffe314d69a', id, '2026', default_days_per_year, 1, 2 FROM hr.leave_types WHERE is_active=true;
INSERT INTO hr.leave_balances (employee_id,leave_type_id,fiscal_year,total_allocated,used,pending) SELECT '783fa4a6-072c-43ed-ac83-aece116d357a', id, '2026', default_days_per_year, 3, 2 FROM hr.leave_types WHERE is_active=true;
INSERT INTO hr.leave_balances (employee_id,leave_type_id,fiscal_year,total_allocated,used,pending) SELECT '65812526-4d60-402f-995a-cc1c14126424', id, '2026', default_days_per_year, 5, 2 FROM hr.leave_types WHERE is_active=true;
INSERT INTO hr.leave_balances (employee_id,leave_type_id,fiscal_year,total_allocated,used,pending) SELECT '5eb201d4-9a59-4ff7-a18b-65ac31908531', id, '2026', default_days_per_year, 0, 0 FROM hr.leave_types WHERE is_active=true;
INSERT INTO hr.leave_balances (employee_id,leave_type_id,fiscal_year,total_allocated,used,pending) SELECT '04433270-d122-4d51-a4a9-cb0f9013ace3', id, '2026', default_days_per_year, 0, 0 FROM hr.leave_types WHERE is_active=true;
INSERT INTO hr.leave_balances (employee_id,leave_type_id,fiscal_year,total_allocated,used,pending) SELECT '910e1495-3fab-4073-a5f0-77182c871495', id, '2026', default_days_per_year, 0, 2 FROM hr.leave_types WHERE is_active=true;
INSERT INTO hr.leave_balances (employee_id,leave_type_id,fiscal_year,total_allocated,used,pending) SELECT '26205648-3a07-46de-b6c2-d10450f44a7d', id, '2026', default_days_per_year, 1, 2 FROM hr.leave_types WHERE is_active=true;
INSERT INTO hr.leave_balances (employee_id,leave_type_id,fiscal_year,total_allocated,used,pending) SELECT 'fa2af19d-a189-426f-a31e-511d28b04aa3', id, '2026', default_days_per_year, 2, 2 FROM hr.leave_types WHERE is_active=true;
INSERT INTO hr.leave_balances (employee_id,leave_type_id,fiscal_year,total_allocated,used,pending) SELECT '2994f5a7-8be7-4d62-920c-ad60d6df64b0', id, '2026', default_days_per_year, 0, 0 FROM hr.leave_types WHERE is_active=true;
INSERT INTO hr.leave_balances (employee_id,leave_type_id,fiscal_year,total_allocated,used,pending) SELECT '7324e404-36b5-4965-95ea-7ccf37ba05fd', id, '2026', default_days_per_year, 3, 1 FROM hr.leave_types WHERE is_active=true;
INSERT INTO hr.leave_balances (employee_id,leave_type_id,fiscal_year,total_allocated,used,pending) SELECT '70c89ebc-97af-4e4e-b3dc-3fedea992313', id, '2026', default_days_per_year, 2, 1 FROM hr.leave_types WHERE is_active=true;
INSERT INTO hr.leave_balances (employee_id,leave_type_id,fiscal_year,total_allocated,used,pending) SELECT 'e2be72bb-9208-4b40-b865-07f46bbf22da', id, '2026', default_days_per_year, 0, 1 FROM hr.leave_types WHERE is_active=true;
INSERT INTO hr.leave_balances (employee_id,leave_type_id,fiscal_year,total_allocated,used,pending) SELECT '4095860a-a26d-40bd-9902-de9930c24c63', id, '2026', default_days_per_year, 2, 0 FROM hr.leave_types WHERE is_active=true;
INSERT INTO hr.leave_balances (employee_id,leave_type_id,fiscal_year,total_allocated,used,pending) SELECT 'b8266cae-bc62-486a-9a26-366ec24011d5', id, '2026', default_days_per_year, 1, 2 FROM hr.leave_types WHERE is_active=true;
INSERT INTO hr.leave_balances (employee_id,leave_type_id,fiscal_year,total_allocated,used,pending) SELECT 'de504c1a-a4bc-4bfc-9581-c7938c4428e8', id, '2026', default_days_per_year, 3, 1 FROM hr.leave_types WHERE is_active=true;
INSERT INTO hr.leave_balances (employee_id,leave_type_id,fiscal_year,total_allocated,used,pending) SELECT '51282ff8-202e-44f9-a759-0779119f91f0', id, '2026', default_days_per_year, 0, 2 FROM hr.leave_types WHERE is_active=true;
INSERT INTO hr.leave_requests (employee_id,leave_type_id,start_date,end_date,total_days,status,reason) SELECT '783fa4a6-072c-43ed-ac83-aece116d357a', (SELECT id FROM hr.leave_types ORDER BY random() LIMIT 1), '2026-03-14','2026-03-15',1,'PENDING','Personal reasons';
INSERT INTO hr.leave_requests (employee_id,leave_type_id,start_date,end_date,total_days,status,reason) SELECT '5eb201d4-9a59-4ff7-a18b-65ac31908531', (SELECT id FROM hr.leave_types ORDER BY random() LIMIT 1), '2026-04-28','2026-04-30',2,'PENDING','Personal reasons';
INSERT INTO hr.leave_requests (employee_id,leave_type_id,start_date,end_date,total_days,status,reason) SELECT '04433270-d122-4d51-a4a9-cb0f9013ace3', (SELECT id FROM hr.leave_types ORDER BY random() LIMIT 1), '2026-01-24','2026-01-27',3,'APPROVED','Personal reasons';
INSERT INTO hr.leave_requests (employee_id,leave_type_id,start_date,end_date,total_days,status,reason) SELECT '3673c158-eea6-43b0-a3c7-9f4255f50a5c', (SELECT id FROM hr.leave_types ORDER BY random() LIMIT 1), '2026-03-13','2026-03-16',3,'APPROVED','Personal reasons';
INSERT INTO hr.leave_requests (employee_id,leave_type_id,start_date,end_date,total_days,status,reason) SELECT '910e1495-3fab-4073-a5f0-77182c871495', (SELECT id FROM hr.leave_types ORDER BY random() LIMIT 1), '2026-02-16','2026-02-20',4,'REJECTED','Personal reasons';
INSERT INTO hr.leave_requests (employee_id,leave_type_id,start_date,end_date,total_days,status,reason) SELECT 'f9cf22ff-caeb-4082-aa93-98aedeca4a38', (SELECT id FROM hr.leave_types ORDER BY random() LIMIT 1), '2026-04-04','2026-04-08',4,'APPROVED','Personal reasons';
INSERT INTO hr.leave_requests (employee_id,leave_type_id,start_date,end_date,total_days,status,reason) SELECT '65812526-4d60-402f-995a-cc1c14126424', (SELECT id FROM hr.leave_types ORDER BY random() LIMIT 1), '2026-04-30','2026-05-03',3,'PENDING','Personal reasons';
INSERT INTO hr.leave_requests (employee_id,leave_type_id,start_date,end_date,total_days,status,reason) SELECT '51282ff8-202e-44f9-a759-0779119f91f0', (SELECT id FROM hr.leave_types ORDER BY random() LIMIT 1), '2026-01-06','2026-01-09',3,'REJECTED','Personal reasons';
INSERT INTO hr.leave_requests (employee_id,leave_type_id,start_date,end_date,total_days,status,reason) SELECT '5eb201d4-9a59-4ff7-a18b-65ac31908531', (SELECT id FROM hr.leave_types ORDER BY random() LIMIT 1), '2026-01-02','2026-01-07',5,'PENDING','Personal reasons';
INSERT INTO hr.leave_requests (employee_id,leave_type_id,start_date,end_date,total_days,status,reason) SELECT '51282ff8-202e-44f9-a759-0779119f91f0', (SELECT id FROM hr.leave_types ORDER BY random() LIMIT 1), '2026-01-13','2026-01-15',2,'APPROVED','Personal reasons';
INSERT INTO hr.leave_requests (employee_id,leave_type_id,start_date,end_date,total_days,status,reason) SELECT 'b8266cae-bc62-486a-9a26-366ec24011d5', (SELECT id FROM hr.leave_types ORDER BY random() LIMIT 1), '2026-02-22','2026-02-27',5,'REJECTED','Personal reasons';
INSERT INTO hr.leave_requests (employee_id,leave_type_id,start_date,end_date,total_days,status,reason) SELECT '90bf0cb9-95fe-4b34-9fed-f8f51d701159', (SELECT id FROM hr.leave_types ORDER BY random() LIMIT 1), '2026-04-16','2026-04-18',2,'APPROVED','Personal reasons';
INSERT INTO hr.leave_requests (employee_id,leave_type_id,start_date,end_date,total_days,status,reason) SELECT 'de504c1a-a4bc-4bfc-9581-c7938c4428e8', (SELECT id FROM hr.leave_types ORDER BY random() LIMIT 1), '2026-01-27','2026-01-31',4,'PENDING','Personal reasons';
INSERT INTO hr.leave_requests (employee_id,leave_type_id,start_date,end_date,total_days,status,reason) SELECT 'b4ae6a78-8300-49a5-b7a4-0fffe314d69a', (SELECT id FROM hr.leave_types ORDER BY random() LIMIT 1), '2026-01-03','2026-01-05',2,'APPROVED','Personal reasons';
INSERT INTO hr.leave_requests (employee_id,leave_type_id,start_date,end_date,total_days,status,reason) SELECT 'b31bdf2a-88cf-445f-8166-6ba7f316f8cb', (SELECT id FROM hr.leave_types ORDER BY random() LIMIT 1), '2026-02-06','2026-02-07',1,'APPROVED','Personal reasons';
INSERT INTO hr.leave_requests (employee_id,leave_type_id,start_date,end_date,total_days,status,reason) SELECT '783fa4a6-072c-43ed-ac83-aece116d357a', (SELECT id FROM hr.leave_types ORDER BY random() LIMIT 1), '2026-04-22','2026-04-25',3,'REJECTED','Personal reasons';
INSERT INTO hr.leave_requests (employee_id,leave_type_id,start_date,end_date,total_days,status,reason) SELECT 'e2be72bb-9208-4b40-b865-07f46bbf22da', (SELECT id FROM hr.leave_types ORDER BY random() LIMIT 1), '2026-01-31','2026-02-04',4,'APPROVED','Personal reasons';
INSERT INTO hr.leave_requests (employee_id,leave_type_id,start_date,end_date,total_days,status,reason) SELECT 'b8266cae-bc62-486a-9a26-366ec24011d5', (SELECT id FROM hr.leave_types ORDER BY random() LIMIT 1), '2026-03-03','2026-03-08',5,'APPROVED','Personal reasons';
INSERT INTO hr.leave_requests (employee_id,leave_type_id,start_date,end_date,total_days,status,reason) SELECT '5eb201d4-9a59-4ff7-a18b-65ac31908531', (SELECT id FROM hr.leave_types ORDER BY random() LIMIT 1), '2026-04-21','2026-04-23',2,'APPROVED','Personal reasons';
INSERT INTO hr.leave_requests (employee_id,leave_type_id,start_date,end_date,total_days,status,reason) SELECT '3673c158-eea6-43b0-a3c7-9f4255f50a5c', (SELECT id FROM hr.leave_types ORDER BY random() LIMIT 1), '2026-03-16','2026-03-18',2,'PENDING','Personal reasons';
INSERT INTO hr.attendance (employee_id,attendance_date,clock_in,clock_out,hours_worked,overtime_hours,status) VALUES ('3f539300-6bc8-4562-b760-ad06f42fe242','2026-04-06','2026-04-06 8:15:00+07','2026-04-06 19:18:00+07',9.09,1.09,'PRESENT') ON CONFLICT DO NOTHING;
INSERT INTO hr.attendance (employee_id,attendance_date,clock_in,clock_out,hours_worked,overtime_hours,status) VALUES ('3f539300-6bc8-4562-b760-ad06f42fe242','2026-04-07','2026-04-07 9:51:00+07','2026-04-07 17:30:00+07',7.79,0,'LATE') ON CONFLICT DO NOTHING;
INSERT INTO hr.attendance (employee_id,attendance_date,clock_in,clock_out,hours_worked,overtime_hours,status) VALUES ('3f539300-6bc8-4562-b760-ad06f42fe242','2026-04-08','2026-04-08 9:33:00+07','2026-04-08 19:22:00+07',8.22,0.22,'PRESENT') ON CONFLICT DO NOTHING;
INSERT INTO hr.attendance (employee_id,attendance_date,clock_in,clock_out,hours_worked,overtime_hours,status) VALUES ('3f539300-6bc8-4562-b760-ad06f42fe242','2026-04-09','2026-04-09 8:20:00+07','2026-04-09 19:10:00+07',9.34,1.34,'PRESENT') ON CONFLICT DO NOTHING;
INSERT INTO hr.attendance (employee_id,attendance_date,clock_in,clock_out,hours_worked,overtime_hours,status) VALUES ('3f539300-6bc8-4562-b760-ad06f42fe242','2026-04-10','2026-04-10 8:43:00+07','2026-04-10 18:46:00+07',8.8,0.8,'PRESENT') ON CONFLICT DO NOTHING;
INSERT INTO hr.attendance (employee_id,attendance_date,clock_in,clock_out,hours_worked,overtime_hours,status) VALUES ('3f539300-6bc8-4562-b760-ad06f42fe242','2026-04-13','2026-04-13 8:00:00+07','2026-04-13 18:56:00+07',9.28,1.28,'PRESENT') ON CONFLICT DO NOTHING;
INSERT INTO hr.attendance (employee_id,attendance_date,clock_in,clock_out,hours_worked,overtime_hours,status) VALUES ('3f539300-6bc8-4562-b760-ad06f42fe242','2026-04-14','2026-04-14 8:19:00+07','2026-04-14 19:02:00+07',7.75,0,'PRESENT') ON CONFLICT DO NOTHING;
INSERT INTO hr.attendance (employee_id,attendance_date,clock_in,clock_out,hours_worked,overtime_hours,status) VALUES ('3f539300-6bc8-4562-b760-ad06f42fe242','2026-04-15','2026-04-15 8:44:00+07','2026-04-15 17:55:00+07',7.87,0,'PRESENT') ON CONFLICT DO NOTHING;
INSERT INTO hr.attendance (employee_id,attendance_date,clock_in,clock_out,hours_worked,overtime_hours,status) VALUES ('3f539300-6bc8-4562-b760-ad06f42fe242','2026-04-16','2026-04-16 8:55:00+07','2026-04-16 18:47:00+07',7.88,0,'PRESENT') ON CONFLICT DO NOTHING;
INSERT INTO hr.attendance (employee_id,attendance_date,clock_in,clock_out,hours_worked,overtime_hours,status) VALUES ('3f539300-6bc8-4562-b760-ad06f42fe242','2026-04-17','2026-04-17 9:10:00+07','2026-04-17 19:34:00+07',8.13,0.13,'PRESENT') ON CONFLICT DO NOTHING;
INSERT INTO hr.attendance (employee_id,attendance_date,clock_in,clock_out,hours_worked,overtime_hours,status) VALUES ('3f539300-6bc8-4562-b760-ad06f42fe242','2026-04-20','2026-04-20 8:32:00+07','2026-04-20 18:28:00+07',9.44,1.44,'PRESENT') ON CONFLICT DO NOTHING;
INSERT INTO hr.attendance (employee_id,attendance_date,clock_in,clock_out,hours_worked,overtime_hours,status) VALUES ('3f539300-6bc8-4562-b760-ad06f42fe242','2026-04-21','2026-04-21 9:12:00+07','2026-04-21 18:23:00+07',8.26,0.26,'PRESENT') ON CONFLICT DO NOTHING;
INSERT INTO hr.attendance (employee_id,attendance_date,clock_in,clock_out,hours_worked,overtime_hours,status) VALUES ('3f539300-6bc8-4562-b760-ad06f42fe242','2026-04-22','2026-04-22 8:18:00+07','2026-04-22 18:00:00+07',9.4,1.4,'PRESENT') ON CONFLICT DO NOTHING;
INSERT INTO hr.attendance (employee_id,attendance_date,clock_in,clock_out,hours_worked,overtime_hours,status) VALUES ('3f539300-6bc8-4562-b760-ad06f42fe242','2026-04-23','2026-04-23 8:23:00+07','2026-04-23 17:11:00+07',8.52,0.52,'PRESENT') ON CONFLICT DO NOTHING;
INSERT INTO hr.attendance (employee_id,attendance_date,clock_in,clock_out,hours_worked,overtime_hours,status) VALUES ('3f539300-6bc8-4562-b760-ad06f42fe242','2026-04-24','2026-04-24 8:42:00+07','2026-04-24 17:25:00+07',8.93,0.93,'PRESENT') ON CONFLICT DO NOTHING;
INSERT INTO hr.attendance (employee_id,attendance_date,clock_in,clock_out,hours_worked,overtime_hours,status) VALUES ('3f539300-6bc8-4562-b760-ad06f42fe242','2026-04-27','2026-04-27 9:06:00+07','2026-04-27 17:34:00+07',8.78,0.78,'PRESENT') ON CONFLICT DO NOTHING;
INSERT INTO hr.attendance (employee_id,attendance_date,clock_in,clock_out,hours_worked,overtime_hours,status) VALUES ('3f539300-6bc8-4562-b760-ad06f42fe242','2026-04-28','2026-04-28 9:23:00+07','2026-04-28 19:35:00+07',8.95,0.95,'PRESENT') ON CONFLICT DO NOTHING;
INSERT INTO hr.attendance (employee_id,attendance_date,clock_in,clock_out,hours_worked,overtime_hours,status) VALUES ('3f539300-6bc8-4562-b760-ad06f42fe242','2026-04-29','2026-04-29 8:26:00+07','2026-04-29 17:23:00+07',8.41,0.41,'PRESENT') ON CONFLICT DO NOTHING;
INSERT INTO hr.attendance (employee_id,attendance_date,clock_in,clock_out,hours_worked,overtime_hours,status) VALUES ('3f539300-6bc8-4562-b760-ad06f42fe242','2026-04-30','2026-04-30 9:13:00+07','2026-04-30 19:36:00+07',9.41,1.41,'LATE') ON CONFLICT DO NOTHING;
INSERT INTO hr.attendance (employee_id,attendance_date,clock_in,clock_out,hours_worked,overtime_hours,status) VALUES ('3f539300-6bc8-4562-b760-ad06f42fe242','2026-05-01','2026-05-01 8:18:00+07','2026-05-01 17:53:00+07',8.13,0.13,'PRESENT') ON CONFLICT DO NOTHING;
INSERT INTO hr.attendance (employee_id,attendance_date,clock_in,clock_out,hours_worked,overtime_hours,status) VALUES ('3f539300-6bc8-4562-b760-ad06f42fe242','2026-05-04','2026-05-04 8:24:00+07','2026-05-04 18:02:00+07',8.72,0.72,'PRESENT') ON CONFLICT DO NOTHING;
INSERT INTO hr.attendance (employee_id,attendance_date,clock_in,clock_out,hours_worked,overtime_hours,status) VALUES ('f9cf22ff-caeb-4082-aa93-98aedeca4a38','2026-04-06','2026-04-06 8:22:00+07','2026-04-06 17:52:00+07',8.35,0.35,'PRESENT') ON CONFLICT DO NOTHING;
INSERT INTO hr.attendance (employee_id,attendance_date,clock_in,clock_out,hours_worked,overtime_hours,status) VALUES ('f9cf22ff-caeb-4082-aa93-98aedeca4a38','2026-04-07','2026-04-07 9:16:00+07','2026-04-07 19:58:00+07',8.52,0.52,'PRESENT') ON CONFLICT DO NOTHING;
INSERT INTO hr.attendance (employee_id,attendance_date,clock_in,clock_out,hours_worked,overtime_hours,status) VALUES ('f9cf22ff-caeb-4082-aa93-98aedeca4a38','2026-04-08','2026-04-08 9:29:00+07','2026-04-08 19:12:00+07',8.83,0.83,'PRESENT') ON CONFLICT DO NOTHING;
INSERT INTO hr.attendance (employee_id,attendance_date,clock_in,clock_out,hours_worked,overtime_hours,status) VALUES ('f9cf22ff-caeb-4082-aa93-98aedeca4a38','2026-04-09','2026-04-09 8:49:00+07','2026-04-09 18:38:00+07',7.9,0,'PRESENT') ON CONFLICT DO NOTHING;
INSERT INTO hr.attendance (employee_id,attendance_date,clock_in,clock_out,hours_worked,overtime_hours,status) VALUES ('f9cf22ff-caeb-4082-aa93-98aedeca4a38','2026-04-10','2026-04-10 8:13:00+07','2026-04-10 17:14:00+07',8.56,0.56,'PRESENT') ON CONFLICT DO NOTHING;
INSERT INTO hr.attendance (employee_id,attendance_date,clock_in,clock_out,hours_worked,overtime_hours,status) VALUES ('f9cf22ff-caeb-4082-aa93-98aedeca4a38','2026-04-13','2026-04-13 8:52:00+07','2026-04-13 19:32:00+07',8.22,0.22,'PRESENT') ON CONFLICT DO NOTHING;
INSERT INTO hr.attendance (employee_id,attendance_date,clock_in,clock_out,hours_worked,overtime_hours,status) VALUES ('f9cf22ff-caeb-4082-aa93-98aedeca4a38','2026-04-14','2026-04-14 8:25:00+07','2026-04-14 17:25:00+07',9.14,1.14,'PRESENT') ON CONFLICT DO NOTHING;
INSERT INTO hr.attendance (employee_id,attendance_date,clock_in,clock_out,hours_worked,overtime_hours,status) VALUES ('f9cf22ff-caeb-4082-aa93-98aedeca4a38','2026-04-15','2026-04-15 9:32:00+07','2026-04-15 19:53:00+07',8.05,0.05,'PRESENT') ON CONFLICT DO NOTHING;
INSERT INTO hr.attendance (employee_id,attendance_date,clock_in,clock_out,hours_worked,overtime_hours,status) VALUES ('f9cf22ff-caeb-4082-aa93-98aedeca4a38','2026-04-16','2026-04-16 8:06:00+07','2026-04-16 17:44:00+07',7.5,0,'PRESENT') ON CONFLICT DO NOTHING;
INSERT INTO hr.attendance (employee_id,attendance_date,clock_in,clock_out,hours_worked,overtime_hours,status) VALUES ('f9cf22ff-caeb-4082-aa93-98aedeca4a38','2026-04-17','2026-04-17 9:43:00+07','2026-04-17 17:11:00+07',8.4,0.4,'LATE') ON CONFLICT DO NOTHING;
INSERT INTO hr.attendance (employee_id,attendance_date,clock_in,clock_out,hours_worked,overtime_hours,status) VALUES ('f9cf22ff-caeb-4082-aa93-98aedeca4a38','2026-04-20','2026-04-20 9:47:00+07','2026-04-20 18:57:00+07',8.46,0.46,'PRESENT') ON CONFLICT DO NOTHING;
INSERT INTO hr.attendance (employee_id,attendance_date,clock_in,clock_out,hours_worked,overtime_hours,status) VALUES ('f9cf22ff-caeb-4082-aa93-98aedeca4a38','2026-04-21','2026-04-21 8:48:00+07','2026-04-21 17:41:00+07',9.14,1.14,'PRESENT') ON CONFLICT DO NOTHING;
INSERT INTO hr.attendance (employee_id,attendance_date,clock_in,clock_out,hours_worked,overtime_hours,status) VALUES ('f9cf22ff-caeb-4082-aa93-98aedeca4a38','2026-04-22','2026-04-22 9:34:00+07','2026-04-22 18:55:00+07',8.19,0.19,'PRESENT') ON CONFLICT DO NOTHING;
INSERT INTO hr.attendance (employee_id,attendance_date,clock_in,clock_out,hours_worked,overtime_hours,status) VALUES ('f9cf22ff-caeb-4082-aa93-98aedeca4a38','2026-04-23','2026-04-23 8:36:00+07','2026-04-23 17:03:00+07',8.91,0.91,'LATE') ON CONFLICT DO NOTHING;
INSERT INTO hr.attendance (employee_id,attendance_date,clock_in,clock_out,hours_worked,overtime_hours,status) VALUES ('f9cf22ff-caeb-4082-aa93-98aedeca4a38','2026-04-24','2026-04-24 8:45:00+07','2026-04-24 18:40:00+07',9.17,1.17,'PRESENT') ON CONFLICT DO NOTHING;
INSERT INTO hr.attendance (employee_id,attendance_date,clock_in,clock_out,hours_worked,overtime_hours,status) VALUES ('f9cf22ff-caeb-4082-aa93-98aedeca4a38','2026-04-27','2026-04-27 9:30:00+07','2026-04-27 18:28:00+07',7.6,0,'PRESENT') ON CONFLICT DO NOTHING;
INSERT INTO hr.attendance (employee_id,attendance_date,clock_in,clock_out,hours_worked,overtime_hours,status) VALUES ('f9cf22ff-caeb-4082-aa93-98aedeca4a38','2026-04-28','2026-04-28 9:56:00+07','2026-04-28 18:00:00+07',8.01,0.01,'PRESENT') ON CONFLICT DO NOTHING;
INSERT INTO hr.attendance (employee_id,attendance_date,clock_in,clock_out,hours_worked,overtime_hours,status) VALUES ('f9cf22ff-caeb-4082-aa93-98aedeca4a38','2026-04-29','2026-04-29 9:35:00+07','2026-04-29 19:27:00+07',8.58,0.58,'PRESENT') ON CONFLICT DO NOTHING;
INSERT INTO hr.attendance (employee_id,attendance_date,clock_in,clock_out,hours_worked,overtime_hours,status) VALUES ('f9cf22ff-caeb-4082-aa93-98aedeca4a38','2026-04-30','2026-04-30 8:16:00+07','2026-04-30 17:47:00+07',8.4,0.4,'PRESENT') ON CONFLICT DO NOTHING;
INSERT INTO hr.attendance (employee_id,attendance_date,clock_in,clock_out,hours_worked,overtime_hours,status) VALUES ('f9cf22ff-caeb-4082-aa93-98aedeca4a38','2026-05-01','2026-05-01 9:08:00+07','2026-05-01 17:30:00+07',7.75,0,'LATE') ON CONFLICT DO NOTHING;
INSERT INTO hr.attendance (employee_id,attendance_date,clock_in,clock_out,hours_worked,overtime_hours,status) VALUES ('f9cf22ff-caeb-4082-aa93-98aedeca4a38','2026-05-04','2026-05-04 9:25:00+07','2026-05-04 19:47:00+07',8.51,0.51,'PRESENT') ON CONFLICT DO NOTHING;
INSERT INTO hr.attendance (employee_id,attendance_date,clock_in,clock_out,hours_worked,overtime_hours,status) VALUES ('b31bdf2a-88cf-445f-8166-6ba7f316f8cb','2026-04-06','2026-04-06 9:25:00+07','2026-04-06 17:43:00+07',8.62,0.62,'PRESENT') ON CONFLICT DO NOTHING;
INSERT INTO hr.attendance (employee_id,attendance_date,clock_in,clock_out,hours_worked,overtime_hours,status) VALUES ('b31bdf2a-88cf-445f-8166-6ba7f316f8cb','2026-04-07','2026-04-07 9:30:00+07','2026-04-07 19:40:00+07',9.22,1.22,'PRESENT') ON CONFLICT DO NOTHING;
INSERT INTO hr.attendance (employee_id,attendance_date,clock_in,clock_out,hours_worked,overtime_hours,status) VALUES ('b31bdf2a-88cf-445f-8166-6ba7f316f8cb','2026-04-08','2026-04-08 9:02:00+07','2026-04-08 17:12:00+07',9.5,1.5,'PRESENT') ON CONFLICT DO NOTHING;
INSERT INTO hr.attendance (employee_id,attendance_date,clock_in,clock_out,hours_worked,overtime_hours,status) VALUES ('b31bdf2a-88cf-445f-8166-6ba7f316f8cb','2026-04-09','2026-04-09 9:46:00+07','2026-04-09 17:38:00+07',7.88,0,'LATE') ON CONFLICT DO NOTHING;
INSERT INTO hr.attendance (employee_id,attendance_date,clock_in,clock_out,hours_worked,overtime_hours,status) VALUES ('b31bdf2a-88cf-445f-8166-6ba7f316f8cb','2026-04-10','2026-04-10 9:21:00+07','2026-04-10 17:56:00+07',8.12,0.12,'PRESENT') ON CONFLICT DO NOTHING;
INSERT INTO hr.attendance (employee_id,attendance_date,clock_in,clock_out,hours_worked,overtime_hours,status) VALUES ('b31bdf2a-88cf-445f-8166-6ba7f316f8cb','2026-04-13','2026-04-13 8:41:00+07','2026-04-13 19:08:00+07',8.94,0.94,'PRESENT') ON CONFLICT DO NOTHING;
INSERT INTO hr.attendance (employee_id,attendance_date,clock_in,clock_out,hours_worked,overtime_hours,status) VALUES ('b31bdf2a-88cf-445f-8166-6ba7f316f8cb','2026-04-14','2026-04-14 9:45:00+07','2026-04-14 18:31:00+07',8.11,0.11,'PRESENT') ON CONFLICT DO NOTHING;
INSERT INTO hr.attendance (employee_id,attendance_date,clock_in,clock_out,hours_worked,overtime_hours,status) VALUES ('b31bdf2a-88cf-445f-8166-6ba7f316f8cb','2026-04-15','2026-04-15 9:29:00+07','2026-04-15 18:16:00+07',7.89,0,'PRESENT') ON CONFLICT DO NOTHING;
INSERT INTO hr.attendance (employee_id,attendance_date,clock_in,clock_out,hours_worked,overtime_hours,status) VALUES ('b31bdf2a-88cf-445f-8166-6ba7f316f8cb','2026-04-16','2026-04-16 9:30:00+07','2026-04-16 17:56:00+07',8.44,0.44,'PRESENT') ON CONFLICT DO NOTHING;
INSERT INTO hr.attendance (employee_id,attendance_date,clock_in,clock_out,hours_worked,overtime_hours,status) VALUES ('b31bdf2a-88cf-445f-8166-6ba7f316f8cb','2026-04-17','2026-04-17 9:53:00+07','2026-04-17 19:07:00+07',8.06,0.06,'PRESENT') ON CONFLICT DO NOTHING;
INSERT INTO hr.attendance (employee_id,attendance_date,clock_in,clock_out,hours_worked,overtime_hours,status) VALUES ('b31bdf2a-88cf-445f-8166-6ba7f316f8cb','2026-04-20','2026-04-20 8:04:00+07','2026-04-20 17:35:00+07',8.53,0.53,'PRESENT') ON CONFLICT DO NOTHING;
INSERT INTO hr.attendance (employee_id,attendance_date,clock_in,clock_out,hours_worked,overtime_hours,status) VALUES ('b31bdf2a-88cf-445f-8166-6ba7f316f8cb','2026-04-21','2026-04-21 8:45:00+07','2026-04-21 18:35:00+07',8.47,0.47,'PRESENT') ON CONFLICT DO NOTHING;
INSERT INTO hr.attendance (employee_id,attendance_date,clock_in,clock_out,hours_worked,overtime_hours,status) VALUES ('b31bdf2a-88cf-445f-8166-6ba7f316f8cb','2026-04-22','2026-04-22 8:27:00+07','2026-04-22 18:33:00+07',8.72,0.72,'PRESENT') ON CONFLICT DO NOTHING;
INSERT INTO hr.attendance (employee_id,attendance_date,clock_in,clock_out,hours_worked,overtime_hours,status) VALUES ('b31bdf2a-88cf-445f-8166-6ba7f316f8cb','2026-04-23','2026-04-23 8:41:00+07','2026-04-23 17:33:00+07',9.36,1.36,'PRESENT') ON CONFLICT DO NOTHING;
INSERT INTO hr.attendance (employee_id,attendance_date,clock_in,clock_out,hours_worked,overtime_hours,status) VALUES ('b31bdf2a-88cf-445f-8166-6ba7f316f8cb','2026-04-24','2026-04-24 9:03:00+07','2026-04-24 18:01:00+07',7.51,0,'PRESENT') ON CONFLICT DO NOTHING;
INSERT INTO hr.attendance (employee_id,attendance_date,clock_in,clock_out,hours_worked,overtime_hours,status) VALUES ('b31bdf2a-88cf-445f-8166-6ba7f316f8cb','2026-04-27','2026-04-27 9:51:00+07','2026-04-27 18:57:00+07',7.56,0,'PRESENT') ON CONFLICT DO NOTHING;
INSERT INTO hr.attendance (employee_id,attendance_date,clock_in,clock_out,hours_worked,overtime_hours,status) VALUES ('b31bdf2a-88cf-445f-8166-6ba7f316f8cb','2026-04-28','2026-04-28 8:10:00+07','2026-04-28 18:20:00+07',9.04,1.04,'LATE') ON CONFLICT DO NOTHING;
INSERT INTO hr.attendance (employee_id,attendance_date,clock_in,clock_out,hours_worked,overtime_hours,status) VALUES ('b31bdf2a-88cf-445f-8166-6ba7f316f8cb','2026-04-29','2026-04-29 8:31:00+07','2026-04-29 19:52:00+07',9.28,1.28,'PRESENT') ON CONFLICT DO NOTHING;
INSERT INTO hr.attendance (employee_id,attendance_date,clock_in,clock_out,hours_worked,overtime_hours,status) VALUES ('b31bdf2a-88cf-445f-8166-6ba7f316f8cb','2026-04-30','2026-04-30 9:10:00+07','2026-04-30 19:05:00+07',9.11,1.11,'PRESENT') ON CONFLICT DO NOTHING;
INSERT INTO hr.attendance (employee_id,attendance_date,clock_in,clock_out,hours_worked,overtime_hours,status) VALUES ('b31bdf2a-88cf-445f-8166-6ba7f316f8cb','2026-05-01','2026-05-01 8:48:00+07','2026-05-01 19:47:00+07',9.25,1.25,'PRESENT') ON CONFLICT DO NOTHING;
INSERT INTO hr.attendance (employee_id,attendance_date,clock_in,clock_out,hours_worked,overtime_hours,status) VALUES ('b31bdf2a-88cf-445f-8166-6ba7f316f8cb','2026-05-04','2026-05-04 9:17:00+07','2026-05-04 17:11:00+07',8.62,0.62,'PRESENT') ON CONFLICT DO NOTHING;
INSERT INTO hr.attendance (employee_id,attendance_date,clock_in,clock_out,hours_worked,overtime_hours,status) VALUES ('f515d582-5593-44a3-b17d-072e57685b46','2026-04-06','2026-04-06 9:01:00+07','2026-04-06 17:14:00+07',8.85,0.85,'PRESENT') ON CONFLICT DO NOTHING;
INSERT INTO hr.attendance (employee_id,attendance_date,clock_in,clock_out,hours_worked,overtime_hours,status) VALUES ('f515d582-5593-44a3-b17d-072e57685b46','2026-04-07','2026-04-07 8:35:00+07','2026-04-07 17:59:00+07',8.13,0.13,'PRESENT') ON CONFLICT DO NOTHING;
INSERT INTO hr.attendance (employee_id,attendance_date,clock_in,clock_out,hours_worked,overtime_hours,status) VALUES ('f515d582-5593-44a3-b17d-072e57685b46','2026-04-08','2026-04-08 8:16:00+07','2026-04-08 17:45:00+07',7.66,0,'PRESENT') ON CONFLICT DO NOTHING;
INSERT INTO hr.attendance (employee_id,attendance_date,clock_in,clock_out,hours_worked,overtime_hours,status) VALUES ('f515d582-5593-44a3-b17d-072e57685b46','2026-04-09','2026-04-09 9:14:00+07','2026-04-09 19:19:00+07',7.77,0,'PRESENT') ON CONFLICT DO NOTHING;
INSERT INTO hr.attendance (employee_id,attendance_date,clock_in,clock_out,hours_worked,overtime_hours,status) VALUES ('f515d582-5593-44a3-b17d-072e57685b46','2026-04-10','2026-04-10 9:17:00+07','2026-04-10 18:38:00+07',9.29,1.29,'LATE') ON CONFLICT DO NOTHING;
INSERT INTO hr.attendance (employee_id,attendance_date,clock_in,clock_out,hours_worked,overtime_hours,status) VALUES ('f515d582-5593-44a3-b17d-072e57685b46','2026-04-13','2026-04-13 8:01:00+07','2026-04-13 19:20:00+07',7.79,0,'PRESENT') ON CONFLICT DO NOTHING;
INSERT INTO hr.attendance (employee_id,attendance_date,clock_in,clock_out,hours_worked,overtime_hours,status) VALUES ('f515d582-5593-44a3-b17d-072e57685b46','2026-04-14','2026-04-14 9:54:00+07','2026-04-14 18:31:00+07',8.82,0.82,'PRESENT') ON CONFLICT DO NOTHING;
INSERT INTO hr.attendance (employee_id,attendance_date,clock_in,clock_out,hours_worked,overtime_hours,status) VALUES ('f515d582-5593-44a3-b17d-072e57685b46','2026-04-15','2026-04-15 8:08:00+07','2026-04-15 19:23:00+07',9.28,1.28,'PRESENT') ON CONFLICT DO NOTHING;
INSERT INTO hr.attendance (employee_id,attendance_date,clock_in,clock_out,hours_worked,overtime_hours,status) VALUES ('f515d582-5593-44a3-b17d-072e57685b46','2026-04-16','2026-04-16 8:01:00+07','2026-04-16 18:21:00+07',8.94,0.94,'PRESENT') ON CONFLICT DO NOTHING;
INSERT INTO hr.attendance (employee_id,attendance_date,clock_in,clock_out,hours_worked,overtime_hours,status) VALUES ('f515d582-5593-44a3-b17d-072e57685b46','2026-04-17','2026-04-17 8:43:00+07','2026-04-17 17:25:00+07',7.68,0,'PRESENT') ON CONFLICT DO NOTHING;
INSERT INTO hr.attendance (employee_id,attendance_date,clock_in,clock_out,hours_worked,overtime_hours,status) VALUES ('f515d582-5593-44a3-b17d-072e57685b46','2026-04-20','2026-04-20 9:48:00+07','2026-04-20 17:32:00+07',8.97,0.97,'PRESENT') ON CONFLICT DO NOTHING;
INSERT INTO hr.attendance (employee_id,attendance_date,clock_in,clock_out,hours_worked,overtime_hours,status) VALUES ('f515d582-5593-44a3-b17d-072e57685b46','2026-04-21','2026-04-21 9:30:00+07','2026-04-21 18:23:00+07',8.26,0.26,'PRESENT') ON CONFLICT DO NOTHING;
INSERT INTO hr.attendance (employee_id,attendance_date,clock_in,clock_out,hours_worked,overtime_hours,status) VALUES ('f515d582-5593-44a3-b17d-072e57685b46','2026-04-22','2026-04-22 8:38:00+07','2026-04-22 19:06:00+07',7.77,0,'PRESENT') ON CONFLICT DO NOTHING;
INSERT INTO hr.attendance (employee_id,attendance_date,clock_in,clock_out,hours_worked,overtime_hours,status) VALUES ('f515d582-5593-44a3-b17d-072e57685b46','2026-04-23','2026-04-23 8:02:00+07','2026-04-23 17:22:00+07',8.49,0.49,'PRESENT') ON CONFLICT DO NOTHING;
INSERT INTO hr.attendance (employee_id,attendance_date,clock_in,clock_out,hours_worked,overtime_hours,status) VALUES ('f515d582-5593-44a3-b17d-072e57685b46','2026-04-24','2026-04-24 8:18:00+07','2026-04-24 19:40:00+07',7.86,0,'PRESENT') ON CONFLICT DO NOTHING;
INSERT INTO hr.attendance (employee_id,attendance_date,clock_in,clock_out,hours_worked,overtime_hours,status) VALUES ('f515d582-5593-44a3-b17d-072e57685b46','2026-04-27','2026-04-27 8:41:00+07','2026-04-27 17:47:00+07',7.89,0,'PRESENT') ON CONFLICT DO NOTHING;
INSERT INTO hr.attendance (employee_id,attendance_date,clock_in,clock_out,hours_worked,overtime_hours,status) VALUES ('f515d582-5593-44a3-b17d-072e57685b46','2026-04-28','2026-04-28 8:27:00+07','2026-04-28 18:35:00+07',7.5,0,'PRESENT') ON CONFLICT DO NOTHING;
INSERT INTO hr.attendance (employee_id,attendance_date,clock_in,clock_out,hours_worked,overtime_hours,status) VALUES ('f515d582-5593-44a3-b17d-072e57685b46','2026-04-29','2026-04-29 8:15:00+07','2026-04-29 17:19:00+07',8.62,0.62,'LATE') ON CONFLICT DO NOTHING;
INSERT INTO hr.attendance (employee_id,attendance_date,clock_in,clock_out,hours_worked,overtime_hours,status) VALUES ('f515d582-5593-44a3-b17d-072e57685b46','2026-04-30','2026-04-30 8:03:00+07','2026-04-30 19:14:00+07',8.17,0.17,'PRESENT') ON CONFLICT DO NOTHING;
INSERT INTO hr.attendance (employee_id,attendance_date,clock_in,clock_out,hours_worked,overtime_hours,status) VALUES ('f515d582-5593-44a3-b17d-072e57685b46','2026-05-01','2026-05-01 8:03:00+07','2026-05-01 18:35:00+07',9.06,1.06,'PRESENT') ON CONFLICT DO NOTHING;
INSERT INTO hr.attendance (employee_id,attendance_date,clock_in,clock_out,hours_worked,overtime_hours,status) VALUES ('f515d582-5593-44a3-b17d-072e57685b46','2026-05-04','2026-05-04 9:32:00+07','2026-05-04 18:51:00+07',8.57,0.57,'PRESENT') ON CONFLICT DO NOTHING;
INSERT INTO hr.attendance (employee_id,attendance_date,clock_in,clock_out,hours_worked,overtime_hours,status) VALUES ('227177dd-7acb-4127-85d3-ade6e2093402','2026-04-06','2026-04-06 9:42:00+07','2026-04-06 18:15:00+07',9.39,1.39,'LATE') ON CONFLICT DO NOTHING;
INSERT INTO hr.attendance (employee_id,attendance_date,clock_in,clock_out,hours_worked,overtime_hours,status) VALUES ('227177dd-7acb-4127-85d3-ade6e2093402','2026-04-07','2026-04-07 9:23:00+07','2026-04-07 18:11:00+07',9.39,1.39,'PRESENT') ON CONFLICT DO NOTHING;
INSERT INTO hr.attendance (employee_id,attendance_date,clock_in,clock_out,hours_worked,overtime_hours,status) VALUES ('227177dd-7acb-4127-85d3-ade6e2093402','2026-04-08','2026-04-08 8:35:00+07','2026-04-08 17:03:00+07',7.56,0,'PRESENT') ON CONFLICT DO NOTHING;
INSERT INTO hr.attendance (employee_id,attendance_date,clock_in,clock_out,hours_worked,overtime_hours,status) VALUES ('227177dd-7acb-4127-85d3-ade6e2093402','2026-04-09','2026-04-09 8:12:00+07','2026-04-09 19:38:00+07',8.99,0.99,'PRESENT') ON CONFLICT DO NOTHING;
INSERT INTO hr.attendance (employee_id,attendance_date,clock_in,clock_out,hours_worked,overtime_hours,status) VALUES ('227177dd-7acb-4127-85d3-ade6e2093402','2026-04-10','2026-04-10 8:52:00+07','2026-04-10 19:17:00+07',8.48,0.48,'LATE') ON CONFLICT DO NOTHING;
INSERT INTO hr.attendance (employee_id,attendance_date,clock_in,clock_out,hours_worked,overtime_hours,status) VALUES ('227177dd-7acb-4127-85d3-ade6e2093402','2026-04-13','2026-04-13 9:17:00+07','2026-04-13 19:24:00+07',8.25,0.25,'PRESENT') ON CONFLICT DO NOTHING;
INSERT INTO hr.attendance (employee_id,attendance_date,clock_in,clock_out,hours_worked,overtime_hours,status) VALUES ('227177dd-7acb-4127-85d3-ade6e2093402','2026-04-14','2026-04-14 9:20:00+07','2026-04-14 19:19:00+07',7.6,0,'PRESENT') ON CONFLICT DO NOTHING;
INSERT INTO hr.attendance (employee_id,attendance_date,clock_in,clock_out,hours_worked,overtime_hours,status) VALUES ('227177dd-7acb-4127-85d3-ade6e2093402','2026-04-15','2026-04-15 9:11:00+07','2026-04-15 18:07:00+07',8.52,0.52,'PRESENT') ON CONFLICT DO NOTHING;
INSERT INTO hr.attendance (employee_id,attendance_date,clock_in,clock_out,hours_worked,overtime_hours,status) VALUES ('227177dd-7acb-4127-85d3-ade6e2093402','2026-04-16','2026-04-16 8:54:00+07','2026-04-16 19:23:00+07',8.44,0.44,'PRESENT') ON CONFLICT DO NOTHING;
INSERT INTO hr.attendance (employee_id,attendance_date,clock_in,clock_out,hours_worked,overtime_hours,status) VALUES ('227177dd-7acb-4127-85d3-ade6e2093402','2026-04-17','2026-04-17 8:08:00+07','2026-04-17 19:55:00+07',8.58,0.58,'PRESENT') ON CONFLICT DO NOTHING;
INSERT INTO hr.attendance (employee_id,attendance_date,clock_in,clock_out,hours_worked,overtime_hours,status) VALUES ('227177dd-7acb-4127-85d3-ade6e2093402','2026-04-20','2026-04-20 9:20:00+07','2026-04-20 17:56:00+07',8.24,0.24,'PRESENT') ON CONFLICT DO NOTHING;
INSERT INTO hr.attendance (employee_id,attendance_date,clock_in,clock_out,hours_worked,overtime_hours,status) VALUES ('227177dd-7acb-4127-85d3-ade6e2093402','2026-04-21','2026-04-21 9:40:00+07','2026-04-21 19:50:00+07',7.82,0,'PRESENT') ON CONFLICT DO NOTHING;
INSERT INTO hr.attendance (employee_id,attendance_date,clock_in,clock_out,hours_worked,overtime_hours,status) VALUES ('227177dd-7acb-4127-85d3-ade6e2093402','2026-04-22','2026-04-22 8:54:00+07','2026-04-22 19:01:00+07',9.22,1.22,'PRESENT') ON CONFLICT DO NOTHING;
INSERT INTO hr.attendance (employee_id,attendance_date,clock_in,clock_out,hours_worked,overtime_hours,status) VALUES ('227177dd-7acb-4127-85d3-ade6e2093402','2026-04-23','2026-04-23 8:54:00+07','2026-04-23 18:30:00+07',9.17,1.17,'PRESENT') ON CONFLICT DO NOTHING;
INSERT INTO hr.attendance (employee_id,attendance_date,clock_in,clock_out,hours_worked,overtime_hours,status) VALUES ('227177dd-7acb-4127-85d3-ade6e2093402','2026-04-24','2026-04-24 8:18:00+07','2026-04-24 17:38:00+07',8.13,0.13,'PRESENT') ON CONFLICT DO NOTHING;
INSERT INTO hr.attendance (employee_id,attendance_date,clock_in,clock_out,hours_worked,overtime_hours,status) VALUES ('227177dd-7acb-4127-85d3-ade6e2093402','2026-04-27','2026-04-27 9:27:00+07','2026-04-27 19:20:00+07',7.66,0,'LATE') ON CONFLICT DO NOTHING;
INSERT INTO hr.attendance (employee_id,attendance_date,clock_in,clock_out,hours_worked,overtime_hours,status) VALUES ('227177dd-7acb-4127-85d3-ade6e2093402','2026-04-28','2026-04-28 9:27:00+07','2026-04-28 19:51:00+07',8.5,0.5,'PRESENT') ON CONFLICT DO NOTHING;
INSERT INTO hr.attendance (employee_id,attendance_date,clock_in,clock_out,hours_worked,overtime_hours,status) VALUES ('227177dd-7acb-4127-85d3-ade6e2093402','2026-04-29','2026-04-29 8:49:00+07','2026-04-29 17:40:00+07',7.6,0,'PRESENT') ON CONFLICT DO NOTHING;
INSERT INTO hr.attendance (employee_id,attendance_date,clock_in,clock_out,hours_worked,overtime_hours,status) VALUES ('227177dd-7acb-4127-85d3-ade6e2093402','2026-04-30','2026-04-30 8:29:00+07','2026-04-30 17:53:00+07',8.75,0.75,'PRESENT') ON CONFLICT DO NOTHING;
INSERT INTO hr.attendance (employee_id,attendance_date,clock_in,clock_out,hours_worked,overtime_hours,status) VALUES ('227177dd-7acb-4127-85d3-ade6e2093402','2026-05-01','2026-05-01 9:47:00+07','2026-05-01 17:17:00+07',9.15,1.15,'PRESENT') ON CONFLICT DO NOTHING;
INSERT INTO hr.attendance (employee_id,attendance_date,clock_in,clock_out,hours_worked,overtime_hours,status) VALUES ('227177dd-7acb-4127-85d3-ade6e2093402','2026-05-04','2026-05-04 9:14:00+07','2026-05-04 19:00:00+07',8.28,0.28,'LATE') ON CONFLICT DO NOTHING;
INSERT INTO hr.attendance (employee_id,attendance_date,clock_in,clock_out,hours_worked,overtime_hours,status) VALUES ('7511ed5f-0dee-4117-b6ba-9a71972e79b9','2026-04-06','2026-04-06 9:43:00+07','2026-04-06 17:59:00+07',8.12,0.12,'PRESENT') ON CONFLICT DO NOTHING;
INSERT INTO hr.attendance (employee_id,attendance_date,clock_in,clock_out,hours_worked,overtime_hours,status) VALUES ('7511ed5f-0dee-4117-b6ba-9a71972e79b9','2026-04-07','2026-04-07 9:03:00+07','2026-04-07 19:04:00+07',8.37,0.37,'PRESENT') ON CONFLICT DO NOTHING;
INSERT INTO hr.attendance (employee_id,attendance_date,clock_in,clock_out,hours_worked,overtime_hours,status) VALUES ('7511ed5f-0dee-4117-b6ba-9a71972e79b9','2026-04-08','2026-04-08 8:17:00+07','2026-04-08 18:54:00+07',8.46,0.46,'PRESENT') ON CONFLICT DO NOTHING;
INSERT INTO hr.attendance (employee_id,attendance_date,clock_in,clock_out,hours_worked,overtime_hours,status) VALUES ('7511ed5f-0dee-4117-b6ba-9a71972e79b9','2026-04-09','2026-04-09 9:08:00+07','2026-04-09 19:31:00+07',9.23,1.23,'PRESENT') ON CONFLICT DO NOTHING;
INSERT INTO hr.attendance (employee_id,attendance_date,clock_in,clock_out,hours_worked,overtime_hours,status) VALUES ('7511ed5f-0dee-4117-b6ba-9a71972e79b9','2026-04-10','2026-04-10 8:26:00+07','2026-04-10 18:40:00+07',8.17,0.17,'PRESENT') ON CONFLICT DO NOTHING;
INSERT INTO hr.attendance (employee_id,attendance_date,clock_in,clock_out,hours_worked,overtime_hours,status) VALUES ('7511ed5f-0dee-4117-b6ba-9a71972e79b9','2026-04-13','2026-04-13 8:26:00+07','2026-04-13 18:13:00+07',8.44,0.44,'PRESENT') ON CONFLICT DO NOTHING;
INSERT INTO hr.attendance (employee_id,attendance_date,clock_in,clock_out,hours_worked,overtime_hours,status) VALUES ('7511ed5f-0dee-4117-b6ba-9a71972e79b9','2026-04-14','2026-04-14 9:43:00+07','2026-04-14 18:34:00+07',8.0,0,'PRESENT') ON CONFLICT DO NOTHING;
INSERT INTO hr.attendance (employee_id,attendance_date,clock_in,clock_out,hours_worked,overtime_hours,status) VALUES ('7511ed5f-0dee-4117-b6ba-9a71972e79b9','2026-04-15','2026-04-15 9:47:00+07','2026-04-15 19:29:00+07',7.73,0,'PRESENT') ON CONFLICT DO NOTHING;
INSERT INTO hr.attendance (employee_id,attendance_date,clock_in,clock_out,hours_worked,overtime_hours,status) VALUES ('7511ed5f-0dee-4117-b6ba-9a71972e79b9','2026-04-16','2026-04-16 9:59:00+07','2026-04-16 18:12:00+07',9.01,1.01,'LATE') ON CONFLICT DO NOTHING;
INSERT INTO hr.attendance (employee_id,attendance_date,clock_in,clock_out,hours_worked,overtime_hours,status) VALUES ('7511ed5f-0dee-4117-b6ba-9a71972e79b9','2026-04-17','2026-04-17 9:17:00+07','2026-04-17 19:37:00+07',7.97,0,'PRESENT') ON CONFLICT DO NOTHING;
INSERT INTO hr.attendance (employee_id,attendance_date,clock_in,clock_out,hours_worked,overtime_hours,status) VALUES ('7511ed5f-0dee-4117-b6ba-9a71972e79b9','2026-04-20','2026-04-20 9:36:00+07','2026-04-20 17:21:00+07',9.19,1.19,'PRESENT') ON CONFLICT DO NOTHING;
INSERT INTO hr.attendance (employee_id,attendance_date,clock_in,clock_out,hours_worked,overtime_hours,status) VALUES ('7511ed5f-0dee-4117-b6ba-9a71972e79b9','2026-04-21','2026-04-21 8:33:00+07','2026-04-21 17:26:00+07',9.38,1.38,'PRESENT') ON CONFLICT DO NOTHING;
INSERT INTO hr.attendance (employee_id,attendance_date,clock_in,clock_out,hours_worked,overtime_hours,status) VALUES ('7511ed5f-0dee-4117-b6ba-9a71972e79b9','2026-04-22','2026-04-22 8:43:00+07','2026-04-22 18:11:00+07',8.26,0.26,'PRESENT') ON CONFLICT DO NOTHING;
INSERT INTO hr.attendance (employee_id,attendance_date,clock_in,clock_out,hours_worked,overtime_hours,status) VALUES ('7511ed5f-0dee-4117-b6ba-9a71972e79b9','2026-04-23','2026-04-23 9:08:00+07','2026-04-23 18:03:00+07',9.29,1.29,'PRESENT') ON CONFLICT DO NOTHING;
INSERT INTO hr.attendance (employee_id,attendance_date,clock_in,clock_out,hours_worked,overtime_hours,status) VALUES ('7511ed5f-0dee-4117-b6ba-9a71972e79b9','2026-04-24','2026-04-24 9:03:00+07','2026-04-24 17:25:00+07',8.35,0.35,'PRESENT') ON CONFLICT DO NOTHING;
INSERT INTO hr.attendance (employee_id,attendance_date,clock_in,clock_out,hours_worked,overtime_hours,status) VALUES ('7511ed5f-0dee-4117-b6ba-9a71972e79b9','2026-04-27','2026-04-27 9:30:00+07','2026-04-27 19:55:00+07',8.07,0.07,'PRESENT') ON CONFLICT DO NOTHING;
INSERT INTO hr.attendance (employee_id,attendance_date,clock_in,clock_out,hours_worked,overtime_hours,status) VALUES ('7511ed5f-0dee-4117-b6ba-9a71972e79b9','2026-04-28','2026-04-28 8:11:00+07','2026-04-28 17:09:00+07',7.82,0,'PRESENT') ON CONFLICT DO NOTHING;
INSERT INTO hr.attendance (employee_id,attendance_date,clock_in,clock_out,hours_worked,overtime_hours,status) VALUES ('7511ed5f-0dee-4117-b6ba-9a71972e79b9','2026-04-29','2026-04-29 9:54:00+07','2026-04-29 19:28:00+07',9.06,1.06,'PRESENT') ON CONFLICT DO NOTHING;
INSERT INTO hr.attendance (employee_id,attendance_date,clock_in,clock_out,hours_worked,overtime_hours,status) VALUES ('7511ed5f-0dee-4117-b6ba-9a71972e79b9','2026-04-30','2026-04-30 9:00:00+07','2026-04-30 19:26:00+07',8.83,0.83,'PRESENT') ON CONFLICT DO NOTHING;
INSERT INTO hr.attendance (employee_id,attendance_date,clock_in,clock_out,hours_worked,overtime_hours,status) VALUES ('7511ed5f-0dee-4117-b6ba-9a71972e79b9','2026-05-01','2026-05-01 9:54:00+07','2026-05-01 18:13:00+07',8.22,0.22,'LATE') ON CONFLICT DO NOTHING;
INSERT INTO hr.attendance (employee_id,attendance_date,clock_in,clock_out,hours_worked,overtime_hours,status) VALUES ('7511ed5f-0dee-4117-b6ba-9a71972e79b9','2026-05-04','2026-05-04 8:26:00+07','2026-05-04 18:33:00+07',9.29,1.29,'PRESENT') ON CONFLICT DO NOTHING;
INSERT INTO hr.attendance (employee_id,attendance_date,clock_in,clock_out,hours_worked,overtime_hours,status) VALUES ('af15d1ba-a079-4400-ac57-015e5fe26265','2026-04-06','2026-04-06 8:36:00+07','2026-04-06 17:13:00+07',8.7,0.7,'PRESENT') ON CONFLICT DO NOTHING;
INSERT INTO hr.attendance (employee_id,attendance_date,clock_in,clock_out,hours_worked,overtime_hours,status) VALUES ('af15d1ba-a079-4400-ac57-015e5fe26265','2026-04-07','2026-04-07 9:17:00+07','2026-04-07 18:29:00+07',7.92,0,'PRESENT') ON CONFLICT DO NOTHING;
INSERT INTO hr.attendance (employee_id,attendance_date,clock_in,clock_out,hours_worked,overtime_hours,status) VALUES ('af15d1ba-a079-4400-ac57-015e5fe26265','2026-04-08','2026-04-08 8:28:00+07','2026-04-08 17:22:00+07',8.65,0.65,'PRESENT') ON CONFLICT DO NOTHING;
INSERT INTO hr.attendance (employee_id,attendance_date,clock_in,clock_out,hours_worked,overtime_hours,status) VALUES ('af15d1ba-a079-4400-ac57-015e5fe26265','2026-04-09','2026-04-09 8:32:00+07','2026-04-09 18:59:00+07',8.94,0.94,'PRESENT') ON CONFLICT DO NOTHING;
INSERT INTO hr.attendance (employee_id,attendance_date,clock_in,clock_out,hours_worked,overtime_hours,status) VALUES ('af15d1ba-a079-4400-ac57-015e5fe26265','2026-04-10','2026-04-10 9:48:00+07','2026-04-10 17:28:00+07',7.99,0,'PRESENT') ON CONFLICT DO NOTHING;
INSERT INTO hr.attendance (employee_id,attendance_date,clock_in,clock_out,hours_worked,overtime_hours,status) VALUES ('af15d1ba-a079-4400-ac57-015e5fe26265','2026-04-13','2026-04-13 9:31:00+07','2026-04-13 18:26:00+07',8.27,0.27,'PRESENT') ON CONFLICT DO NOTHING;
INSERT INTO hr.attendance (employee_id,attendance_date,clock_in,clock_out,hours_worked,overtime_hours,status) VALUES ('af15d1ba-a079-4400-ac57-015e5fe26265','2026-04-14','2026-04-14 8:39:00+07','2026-04-14 18:56:00+07',9.35,1.35,'PRESENT') ON CONFLICT DO NOTHING;
INSERT INTO hr.attendance (employee_id,attendance_date,clock_in,clock_out,hours_worked,overtime_hours,status) VALUES ('af15d1ba-a079-4400-ac57-015e5fe26265','2026-04-15','2026-04-15 8:55:00+07','2026-04-15 19:13:00+07',8.81,0.81,'PRESENT') ON CONFLICT DO NOTHING;
INSERT INTO hr.attendance (employee_id,attendance_date,clock_in,clock_out,hours_worked,overtime_hours,status) VALUES ('af15d1ba-a079-4400-ac57-015e5fe26265','2026-04-16','2026-04-16 9:56:00+07','2026-04-16 18:26:00+07',8.73,0.73,'LATE') ON CONFLICT DO NOTHING;
INSERT INTO hr.attendance (employee_id,attendance_date,clock_in,clock_out,hours_worked,overtime_hours,status) VALUES ('af15d1ba-a079-4400-ac57-015e5fe26265','2026-04-17','2026-04-17 8:51:00+07','2026-04-17 17:36:00+07',7.79,0,'PRESENT') ON CONFLICT DO NOTHING;
INSERT INTO hr.attendance (employee_id,attendance_date,clock_in,clock_out,hours_worked,overtime_hours,status) VALUES ('af15d1ba-a079-4400-ac57-015e5fe26265','2026-04-20','2026-04-20 9:23:00+07','2026-04-20 19:36:00+07',7.69,0,'PRESENT') ON CONFLICT DO NOTHING;
INSERT INTO hr.attendance (employee_id,attendance_date,clock_in,clock_out,hours_worked,overtime_hours,status) VALUES ('af15d1ba-a079-4400-ac57-015e5fe26265','2026-04-21','2026-04-21 8:28:00+07','2026-04-21 17:37:00+07',9.24,1.24,'PRESENT') ON CONFLICT DO NOTHING;
INSERT INTO hr.attendance (employee_id,attendance_date,clock_in,clock_out,hours_worked,overtime_hours,status) VALUES ('af15d1ba-a079-4400-ac57-015e5fe26265','2026-04-22','2026-04-22 9:23:00+07','2026-04-22 18:50:00+07',7.59,0,'PRESENT') ON CONFLICT DO NOTHING;
INSERT INTO hr.attendance (employee_id,attendance_date,clock_in,clock_out,hours_worked,overtime_hours,status) VALUES ('af15d1ba-a079-4400-ac57-015e5fe26265','2026-04-23','2026-04-23 8:20:00+07','2026-04-23 17:15:00+07',8.38,0.38,'PRESENT') ON CONFLICT DO NOTHING;
INSERT INTO hr.attendance (employee_id,attendance_date,clock_in,clock_out,hours_worked,overtime_hours,status) VALUES ('af15d1ba-a079-4400-ac57-015e5fe26265','2026-04-24','2026-04-24 8:38:00+07','2026-04-24 18:42:00+07',8.0,0,'PRESENT') ON CONFLICT DO NOTHING;
INSERT INTO hr.attendance (employee_id,attendance_date,clock_in,clock_out,hours_worked,overtime_hours,status) VALUES ('af15d1ba-a079-4400-ac57-015e5fe26265','2026-04-27','2026-04-27 8:13:00+07','2026-04-27 17:30:00+07',8.51,0.51,'LATE') ON CONFLICT DO NOTHING;
INSERT INTO hr.attendance (employee_id,attendance_date,clock_in,clock_out,hours_worked,overtime_hours,status) VALUES ('af15d1ba-a079-4400-ac57-015e5fe26265','2026-04-28','2026-04-28 8:07:00+07','2026-04-28 19:33:00+07',9.23,1.23,'PRESENT') ON CONFLICT DO NOTHING;
INSERT INTO hr.attendance (employee_id,attendance_date,clock_in,clock_out,hours_worked,overtime_hours,status) VALUES ('af15d1ba-a079-4400-ac57-015e5fe26265','2026-04-29','2026-04-29 9:41:00+07','2026-04-29 18:57:00+07',8.31,0.31,'PRESENT') ON CONFLICT DO NOTHING;
INSERT INTO hr.attendance (employee_id,attendance_date,clock_in,clock_out,hours_worked,overtime_hours,status) VALUES ('af15d1ba-a079-4400-ac57-015e5fe26265','2026-04-30','2026-04-30 9:08:00+07','2026-04-30 17:45:00+07',8.44,0.44,'PRESENT') ON CONFLICT DO NOTHING;
INSERT INTO hr.attendance (employee_id,attendance_date,clock_in,clock_out,hours_worked,overtime_hours,status) VALUES ('af15d1ba-a079-4400-ac57-015e5fe26265','2026-05-01','2026-05-01 8:44:00+07','2026-05-01 18:14:00+07',9.5,1.5,'PRESENT') ON CONFLICT DO NOTHING;
INSERT INTO hr.attendance (employee_id,attendance_date,clock_in,clock_out,hours_worked,overtime_hours,status) VALUES ('af15d1ba-a079-4400-ac57-015e5fe26265','2026-05-04','2026-05-04 9:08:00+07','2026-05-04 18:00:00+07',9.22,1.22,'PRESENT') ON CONFLICT DO NOTHING;
INSERT INTO hr.attendance (employee_id,attendance_date,clock_in,clock_out,hours_worked,overtime_hours,status) VALUES ('4970b504-7f90-4f3d-a5dd-7ddf75d2f26c','2026-04-06','2026-04-06 9:41:00+07','2026-04-06 17:17:00+07',8.97,0.97,'PRESENT') ON CONFLICT DO NOTHING;
INSERT INTO hr.attendance (employee_id,attendance_date,clock_in,clock_out,hours_worked,overtime_hours,status) VALUES ('4970b504-7f90-4f3d-a5dd-7ddf75d2f26c','2026-04-07','2026-04-07 8:52:00+07','2026-04-07 17:11:00+07',8.4,0.4,'PRESENT') ON CONFLICT DO NOTHING;
INSERT INTO hr.attendance (employee_id,attendance_date,clock_in,clock_out,hours_worked,overtime_hours,status) VALUES ('4970b504-7f90-4f3d-a5dd-7ddf75d2f26c','2026-04-08','2026-04-08 8:21:00+07','2026-04-08 19:10:00+07',7.82,0,'PRESENT') ON CONFLICT DO NOTHING;
INSERT INTO hr.attendance (employee_id,attendance_date,clock_in,clock_out,hours_worked,overtime_hours,status) VALUES ('4970b504-7f90-4f3d-a5dd-7ddf75d2f26c','2026-04-09','2026-04-09 9:24:00+07','2026-04-09 19:26:00+07',9.5,1.5,'PRESENT') ON CONFLICT DO NOTHING;
INSERT INTO hr.attendance (employee_id,attendance_date,clock_in,clock_out,hours_worked,overtime_hours,status) VALUES ('4970b504-7f90-4f3d-a5dd-7ddf75d2f26c','2026-04-10','2026-04-10 8:52:00+07','2026-04-10 18:16:00+07',8.39,0.39,'LATE') ON CONFLICT DO NOTHING;
INSERT INTO hr.attendance (employee_id,attendance_date,clock_in,clock_out,hours_worked,overtime_hours,status) VALUES ('4970b504-7f90-4f3d-a5dd-7ddf75d2f26c','2026-04-13','2026-04-13 9:12:00+07','2026-04-13 17:34:00+07',7.59,0,'PRESENT') ON CONFLICT DO NOTHING;
INSERT INTO hr.attendance (employee_id,attendance_date,clock_in,clock_out,hours_worked,overtime_hours,status) VALUES ('4970b504-7f90-4f3d-a5dd-7ddf75d2f26c','2026-04-14','2026-04-14 9:57:00+07','2026-04-14 17:50:00+07',9.31,1.31,'PRESENT') ON CONFLICT DO NOTHING;
INSERT INTO hr.attendance (employee_id,attendance_date,clock_in,clock_out,hours_worked,overtime_hours,status) VALUES ('4970b504-7f90-4f3d-a5dd-7ddf75d2f26c','2026-04-15','2026-04-15 9:39:00+07','2026-04-15 19:46:00+07',9.03,1.03,'PRESENT') ON CONFLICT DO NOTHING;
INSERT INTO hr.attendance (employee_id,attendance_date,clock_in,clock_out,hours_worked,overtime_hours,status) VALUES ('4970b504-7f90-4f3d-a5dd-7ddf75d2f26c','2026-04-16','2026-04-16 9:24:00+07','2026-04-16 19:39:00+07',8.04,0.04,'PRESENT') ON CONFLICT DO NOTHING;
INSERT INTO hr.attendance (employee_id,attendance_date,clock_in,clock_out,hours_worked,overtime_hours,status) VALUES ('4970b504-7f90-4f3d-a5dd-7ddf75d2f26c','2026-04-17','2026-04-17 8:16:00+07','2026-04-17 17:42:00+07',9.29,1.29,'PRESENT') ON CONFLICT DO NOTHING;
INSERT INTO hr.attendance (employee_id,attendance_date,clock_in,clock_out,hours_worked,overtime_hours,status) VALUES ('4970b504-7f90-4f3d-a5dd-7ddf75d2f26c','2026-04-20','2026-04-20 9:48:00+07','2026-04-20 18:00:00+07',8.81,0.81,'LATE') ON CONFLICT DO NOTHING;
INSERT INTO hr.attendance (employee_id,attendance_date,clock_in,clock_out,hours_worked,overtime_hours,status) VALUES ('4970b504-7f90-4f3d-a5dd-7ddf75d2f26c','2026-04-21','2026-04-21 9:58:00+07','2026-04-21 17:56:00+07',8.61,0.61,'PRESENT') ON CONFLICT DO NOTHING;
INSERT INTO hr.attendance (employee_id,attendance_date,clock_in,clock_out,hours_worked,overtime_hours,status) VALUES ('4970b504-7f90-4f3d-a5dd-7ddf75d2f26c','2026-04-22','2026-04-22 9:21:00+07','2026-04-22 19:37:00+07',8.65,0.65,'PRESENT') ON CONFLICT DO NOTHING;
INSERT INTO hr.attendance (employee_id,attendance_date,clock_in,clock_out,hours_worked,overtime_hours,status) VALUES ('4970b504-7f90-4f3d-a5dd-7ddf75d2f26c','2026-04-23','2026-04-23 8:03:00+07','2026-04-23 18:20:00+07',8.88,0.88,'PRESENT') ON CONFLICT DO NOTHING;
INSERT INTO hr.attendance (employee_id,attendance_date,clock_in,clock_out,hours_worked,overtime_hours,status) VALUES ('4970b504-7f90-4f3d-a5dd-7ddf75d2f26c','2026-04-24','2026-04-24 8:57:00+07','2026-04-24 17:51:00+07',8.96,0.96,'PRESENT') ON CONFLICT DO NOTHING;
INSERT INTO hr.attendance (employee_id,attendance_date,clock_in,clock_out,hours_worked,overtime_hours,status) VALUES ('4970b504-7f90-4f3d-a5dd-7ddf75d2f26c','2026-04-27','2026-04-27 9:12:00+07','2026-04-27 17:50:00+07',9.23,1.23,'PRESENT') ON CONFLICT DO NOTHING;
INSERT INTO hr.attendance (employee_id,attendance_date,clock_in,clock_out,hours_worked,overtime_hours,status) VALUES ('4970b504-7f90-4f3d-a5dd-7ddf75d2f26c','2026-04-28','2026-04-28 8:08:00+07','2026-04-28 19:21:00+07',7.96,0,'PRESENT') ON CONFLICT DO NOTHING;
INSERT INTO hr.attendance (employee_id,attendance_date,clock_in,clock_out,hours_worked,overtime_hours,status) VALUES ('4970b504-7f90-4f3d-a5dd-7ddf75d2f26c','2026-04-29','2026-04-29 9:42:00+07','2026-04-29 18:53:00+07',9.35,1.35,'PRESENT') ON CONFLICT DO NOTHING;
INSERT INTO hr.attendance (employee_id,attendance_date,clock_in,clock_out,hours_worked,overtime_hours,status) VALUES ('4970b504-7f90-4f3d-a5dd-7ddf75d2f26c','2026-04-30','2026-04-30 9:07:00+07','2026-04-30 19:44:00+07',7.51,0,'LATE') ON CONFLICT DO NOTHING;
INSERT INTO hr.attendance (employee_id,attendance_date,clock_in,clock_out,hours_worked,overtime_hours,status) VALUES ('4970b504-7f90-4f3d-a5dd-7ddf75d2f26c','2026-05-01','2026-05-01 9:13:00+07','2026-05-01 18:50:00+07',9.33,1.33,'PRESENT') ON CONFLICT DO NOTHING;
INSERT INTO hr.attendance (employee_id,attendance_date,clock_in,clock_out,hours_worked,overtime_hours,status) VALUES ('4970b504-7f90-4f3d-a5dd-7ddf75d2f26c','2026-05-04','2026-05-04 9:57:00+07','2026-05-04 18:30:00+07',9.16,1.16,'LATE') ON CONFLICT DO NOTHING;
INSERT INTO hr.attendance (employee_id,attendance_date,clock_in,clock_out,hours_worked,overtime_hours,status) VALUES ('68a31a6a-ec0e-4fac-a162-fecf029fc46a','2026-04-06','2026-04-06 8:27:00+07','2026-04-06 17:51:00+07',7.66,0,'PRESENT') ON CONFLICT DO NOTHING;
INSERT INTO hr.attendance (employee_id,attendance_date,clock_in,clock_out,hours_worked,overtime_hours,status) VALUES ('68a31a6a-ec0e-4fac-a162-fecf029fc46a','2026-04-07','2026-04-07 8:25:00+07','2026-04-07 19:08:00+07',8.3,0.3,'PRESENT') ON CONFLICT DO NOTHING;
INSERT INTO hr.attendance (employee_id,attendance_date,clock_in,clock_out,hours_worked,overtime_hours,status) VALUES ('68a31a6a-ec0e-4fac-a162-fecf029fc46a','2026-04-08','2026-04-08 9:33:00+07','2026-04-08 18:19:00+07',8.57,0.57,'PRESENT') ON CONFLICT DO NOTHING;
INSERT INTO hr.attendance (employee_id,attendance_date,clock_in,clock_out,hours_worked,overtime_hours,status) VALUES ('68a31a6a-ec0e-4fac-a162-fecf029fc46a','2026-04-09','2026-04-09 9:28:00+07','2026-04-09 18:47:00+07',8.48,0.48,'PRESENT') ON CONFLICT DO NOTHING;
INSERT INTO hr.attendance (employee_id,attendance_date,clock_in,clock_out,hours_worked,overtime_hours,status) VALUES ('68a31a6a-ec0e-4fac-a162-fecf029fc46a','2026-04-10','2026-04-10 9:53:00+07','2026-04-10 18:57:00+07',8.86,0.86,'PRESENT') ON CONFLICT DO NOTHING;
INSERT INTO hr.attendance (employee_id,attendance_date,clock_in,clock_out,hours_worked,overtime_hours,status) VALUES ('68a31a6a-ec0e-4fac-a162-fecf029fc46a','2026-04-13','2026-04-13 8:04:00+07','2026-04-13 19:29:00+07',8.53,0.53,'PRESENT') ON CONFLICT DO NOTHING;
INSERT INTO hr.attendance (employee_id,attendance_date,clock_in,clock_out,hours_worked,overtime_hours,status) VALUES ('68a31a6a-ec0e-4fac-a162-fecf029fc46a','2026-04-14','2026-04-14 8:19:00+07','2026-04-14 17:10:00+07',8.89,0.89,'PRESENT') ON CONFLICT DO NOTHING;
INSERT INTO hr.attendance (employee_id,attendance_date,clock_in,clock_out,hours_worked,overtime_hours,status) VALUES ('68a31a6a-ec0e-4fac-a162-fecf029fc46a','2026-04-15','2026-04-15 9:23:00+07','2026-04-15 18:21:00+07',7.52,0,'PRESENT') ON CONFLICT DO NOTHING;
INSERT INTO hr.attendance (employee_id,attendance_date,clock_in,clock_out,hours_worked,overtime_hours,status) VALUES ('68a31a6a-ec0e-4fac-a162-fecf029fc46a','2026-04-16','2026-04-16 9:31:00+07','2026-04-16 17:27:00+07',8.54,0.54,'PRESENT') ON CONFLICT DO NOTHING;
INSERT INTO hr.attendance (employee_id,attendance_date,clock_in,clock_out,hours_worked,overtime_hours,status) VALUES ('68a31a6a-ec0e-4fac-a162-fecf029fc46a','2026-04-17','2026-04-17 8:59:00+07','2026-04-17 17:23:00+07',8.12,0.12,'PRESENT') ON CONFLICT DO NOTHING;
INSERT INTO hr.attendance (employee_id,attendance_date,clock_in,clock_out,hours_worked,overtime_hours,status) VALUES ('68a31a6a-ec0e-4fac-a162-fecf029fc46a','2026-04-20','2026-04-20 9:51:00+07','2026-04-20 18:57:00+07',9.41,1.41,'PRESENT') ON CONFLICT DO NOTHING;
INSERT INTO hr.attendance (employee_id,attendance_date,clock_in,clock_out,hours_worked,overtime_hours,status) VALUES ('68a31a6a-ec0e-4fac-a162-fecf029fc46a','2026-04-21','2026-04-21 8:41:00+07','2026-04-21 17:31:00+07',8.96,0.96,'PRESENT') ON CONFLICT DO NOTHING;
INSERT INTO hr.attendance (employee_id,attendance_date,clock_in,clock_out,hours_worked,overtime_hours,status) VALUES ('68a31a6a-ec0e-4fac-a162-fecf029fc46a','2026-04-22','2026-04-22 8:34:00+07','2026-04-22 17:44:00+07',8.41,0.41,'LATE') ON CONFLICT DO NOTHING;
INSERT INTO hr.attendance (employee_id,attendance_date,clock_in,clock_out,hours_worked,overtime_hours,status) VALUES ('68a31a6a-ec0e-4fac-a162-fecf029fc46a','2026-04-23','2026-04-23 9:25:00+07','2026-04-23 18:09:00+07',8.7,0.7,'PRESENT') ON CONFLICT DO NOTHING;
INSERT INTO hr.attendance (employee_id,attendance_date,clock_in,clock_out,hours_worked,overtime_hours,status) VALUES ('68a31a6a-ec0e-4fac-a162-fecf029fc46a','2026-04-24','2026-04-24 8:21:00+07','2026-04-24 17:18:00+07',8.09,0.09,'PRESENT') ON CONFLICT DO NOTHING;
INSERT INTO hr.attendance (employee_id,attendance_date,clock_in,clock_out,hours_worked,overtime_hours,status) VALUES ('68a31a6a-ec0e-4fac-a162-fecf029fc46a','2026-04-27','2026-04-27 9:36:00+07','2026-04-27 18:26:00+07',8.95,0.95,'PRESENT') ON CONFLICT DO NOTHING;
INSERT INTO hr.attendance (employee_id,attendance_date,clock_in,clock_out,hours_worked,overtime_hours,status) VALUES ('68a31a6a-ec0e-4fac-a162-fecf029fc46a','2026-04-28','2026-04-28 9:26:00+07','2026-04-28 18:27:00+07',8.43,0.43,'PRESENT') ON CONFLICT DO NOTHING;
INSERT INTO hr.attendance (employee_id,attendance_date,clock_in,clock_out,hours_worked,overtime_hours,status) VALUES ('68a31a6a-ec0e-4fac-a162-fecf029fc46a','2026-04-29','2026-04-29 8:32:00+07','2026-04-29 17:36:00+07',9.18,1.18,'LATE') ON CONFLICT DO NOTHING;
INSERT INTO hr.attendance (employee_id,attendance_date,clock_in,clock_out,hours_worked,overtime_hours,status) VALUES ('68a31a6a-ec0e-4fac-a162-fecf029fc46a','2026-04-30','2026-04-30 9:22:00+07','2026-04-30 18:26:00+07',7.96,0,'PRESENT') ON CONFLICT DO NOTHING;
INSERT INTO hr.attendance (employee_id,attendance_date,clock_in,clock_out,hours_worked,overtime_hours,status) VALUES ('68a31a6a-ec0e-4fac-a162-fecf029fc46a','2026-05-01','2026-05-01 9:37:00+07','2026-05-01 18:39:00+07',9.17,1.17,'PRESENT') ON CONFLICT DO NOTHING;
INSERT INTO hr.attendance (employee_id,attendance_date,clock_in,clock_out,hours_worked,overtime_hours,status) VALUES ('68a31a6a-ec0e-4fac-a162-fecf029fc46a','2026-05-04','2026-05-04 9:56:00+07','2026-05-04 17:10:00+07',9.3,1.3,'PRESENT') ON CONFLICT DO NOTHING;
INSERT INTO hr.attendance (employee_id,attendance_date,clock_in,clock_out,hours_worked,overtime_hours,status) VALUES ('c50e4b71-4ff8-48fb-8ccc-3c756ee273de','2026-04-06','2026-04-06 9:07:00+07','2026-04-06 17:55:00+07',9.45,1.45,'PRESENT') ON CONFLICT DO NOTHING;
INSERT INTO hr.attendance (employee_id,attendance_date,clock_in,clock_out,hours_worked,overtime_hours,status) VALUES ('c50e4b71-4ff8-48fb-8ccc-3c756ee273de','2026-04-07','2026-04-07 9:30:00+07','2026-04-07 17:41:00+07',7.72,0,'PRESENT') ON CONFLICT DO NOTHING;
INSERT INTO hr.attendance (employee_id,attendance_date,clock_in,clock_out,hours_worked,overtime_hours,status) VALUES ('c50e4b71-4ff8-48fb-8ccc-3c756ee273de','2026-04-08','2026-04-08 8:52:00+07','2026-04-08 17:18:00+07',9.14,1.14,'PRESENT') ON CONFLICT DO NOTHING;
INSERT INTO hr.attendance (employee_id,attendance_date,clock_in,clock_out,hours_worked,overtime_hours,status) VALUES ('c50e4b71-4ff8-48fb-8ccc-3c756ee273de','2026-04-09','2026-04-09 9:10:00+07','2026-04-09 17:54:00+07',9.11,1.11,'PRESENT') ON CONFLICT DO NOTHING;
INSERT INTO hr.attendance (employee_id,attendance_date,clock_in,clock_out,hours_worked,overtime_hours,status) VALUES ('c50e4b71-4ff8-48fb-8ccc-3c756ee273de','2026-04-10','2026-04-10 8:54:00+07','2026-04-10 17:56:00+07',9.31,1.31,'PRESENT') ON CONFLICT DO NOTHING;
INSERT INTO hr.attendance (employee_id,attendance_date,clock_in,clock_out,hours_worked,overtime_hours,status) VALUES ('c50e4b71-4ff8-48fb-8ccc-3c756ee273de','2026-04-13','2026-04-13 9:00:00+07','2026-04-13 18:06:00+07',7.89,0,'PRESENT') ON CONFLICT DO NOTHING;
INSERT INTO hr.attendance (employee_id,attendance_date,clock_in,clock_out,hours_worked,overtime_hours,status) VALUES ('c50e4b71-4ff8-48fb-8ccc-3c756ee273de','2026-04-14','2026-04-14 9:40:00+07','2026-04-14 17:42:00+07',9.15,1.15,'PRESENT') ON CONFLICT DO NOTHING;
INSERT INTO hr.attendance (employee_id,attendance_date,clock_in,clock_out,hours_worked,overtime_hours,status) VALUES ('c50e4b71-4ff8-48fb-8ccc-3c756ee273de','2026-04-15','2026-04-15 8:03:00+07','2026-04-15 18:09:00+07',9.42,1.42,'PRESENT') ON CONFLICT DO NOTHING;
INSERT INTO hr.attendance (employee_id,attendance_date,clock_in,clock_out,hours_worked,overtime_hours,status) VALUES ('c50e4b71-4ff8-48fb-8ccc-3c756ee273de','2026-04-16','2026-04-16 8:42:00+07','2026-04-16 17:51:00+07',8.76,0.76,'LATE') ON CONFLICT DO NOTHING;
INSERT INTO hr.attendance (employee_id,attendance_date,clock_in,clock_out,hours_worked,overtime_hours,status) VALUES ('c50e4b71-4ff8-48fb-8ccc-3c756ee273de','2026-04-17','2026-04-17 9:46:00+07','2026-04-17 17:12:00+07',9.2,1.2,'PRESENT') ON CONFLICT DO NOTHING;
INSERT INTO hr.attendance (employee_id,attendance_date,clock_in,clock_out,hours_worked,overtime_hours,status) VALUES ('c50e4b71-4ff8-48fb-8ccc-3c756ee273de','2026-04-20','2026-04-20 9:19:00+07','2026-04-20 17:10:00+07',8.3,0.3,'LATE') ON CONFLICT DO NOTHING;
INSERT INTO hr.attendance (employee_id,attendance_date,clock_in,clock_out,hours_worked,overtime_hours,status) VALUES ('c50e4b71-4ff8-48fb-8ccc-3c756ee273de','2026-04-21','2026-04-21 8:12:00+07','2026-04-21 19:13:00+07',8.69,0.69,'PRESENT') ON CONFLICT DO NOTHING;
INSERT INTO hr.attendance (employee_id,attendance_date,clock_in,clock_out,hours_worked,overtime_hours,status) VALUES ('c50e4b71-4ff8-48fb-8ccc-3c756ee273de','2026-04-22','2026-04-22 8:37:00+07','2026-04-22 17:18:00+07',8.73,0.73,'PRESENT') ON CONFLICT DO NOTHING;
INSERT INTO hr.attendance (employee_id,attendance_date,clock_in,clock_out,hours_worked,overtime_hours,status) VALUES ('c50e4b71-4ff8-48fb-8ccc-3c756ee273de','2026-04-23','2026-04-23 8:09:00+07','2026-04-23 17:32:00+07',7.73,0,'PRESENT') ON CONFLICT DO NOTHING;
INSERT INTO hr.attendance (employee_id,attendance_date,clock_in,clock_out,hours_worked,overtime_hours,status) VALUES ('c50e4b71-4ff8-48fb-8ccc-3c756ee273de','2026-04-24','2026-04-24 8:44:00+07','2026-04-24 17:00:00+07',8.64,0.64,'PRESENT') ON CONFLICT DO NOTHING;
INSERT INTO hr.attendance (employee_id,attendance_date,clock_in,clock_out,hours_worked,overtime_hours,status) VALUES ('c50e4b71-4ff8-48fb-8ccc-3c756ee273de','2026-04-27','2026-04-27 8:58:00+07','2026-04-27 17:10:00+07',7.89,0,'PRESENT') ON CONFLICT DO NOTHING;
INSERT INTO hr.attendance (employee_id,attendance_date,clock_in,clock_out,hours_worked,overtime_hours,status) VALUES ('c50e4b71-4ff8-48fb-8ccc-3c756ee273de','2026-04-28','2026-04-28 9:17:00+07','2026-04-28 17:17:00+07',7.97,0,'PRESENT') ON CONFLICT DO NOTHING;
INSERT INTO hr.attendance (employee_id,attendance_date,clock_in,clock_out,hours_worked,overtime_hours,status) VALUES ('c50e4b71-4ff8-48fb-8ccc-3c756ee273de','2026-04-29','2026-04-29 8:13:00+07','2026-04-29 19:06:00+07',7.67,0,'PRESENT') ON CONFLICT DO NOTHING;
INSERT INTO hr.attendance (employee_id,attendance_date,clock_in,clock_out,hours_worked,overtime_hours,status) VALUES ('c50e4b71-4ff8-48fb-8ccc-3c756ee273de','2026-04-30','2026-04-30 9:42:00+07','2026-04-30 18:14:00+07',9.28,1.28,'PRESENT') ON CONFLICT DO NOTHING;
INSERT INTO hr.attendance (employee_id,attendance_date,clock_in,clock_out,hours_worked,overtime_hours,status) VALUES ('c50e4b71-4ff8-48fb-8ccc-3c756ee273de','2026-05-01','2026-05-01 8:46:00+07','2026-05-01 17:35:00+07',8.4,0.4,'PRESENT') ON CONFLICT DO NOTHING;
INSERT INTO hr.attendance (employee_id,attendance_date,clock_in,clock_out,hours_worked,overtime_hours,status) VALUES ('c50e4b71-4ff8-48fb-8ccc-3c756ee273de','2026-05-04','2026-05-04 9:46:00+07','2026-05-04 19:51:00+07',7.52,0,'PRESENT') ON CONFLICT DO NOTHING;
INSERT INTO hr.attendance (employee_id,attendance_date,clock_in,clock_out,hours_worked,overtime_hours,status) VALUES ('3673c158-eea6-43b0-a3c7-9f4255f50a5c','2026-04-06','2026-04-06 9:20:00+07','2026-04-06 19:25:00+07',8.81,0.81,'PRESENT') ON CONFLICT DO NOTHING;
INSERT INTO hr.attendance (employee_id,attendance_date,clock_in,clock_out,hours_worked,overtime_hours,status) VALUES ('3673c158-eea6-43b0-a3c7-9f4255f50a5c','2026-04-07','2026-04-07 9:22:00+07','2026-04-07 19:52:00+07',8.04,0.04,'PRESENT') ON CONFLICT DO NOTHING;
INSERT INTO hr.attendance (employee_id,attendance_date,clock_in,clock_out,hours_worked,overtime_hours,status) VALUES ('3673c158-eea6-43b0-a3c7-9f4255f50a5c','2026-04-08','2026-04-08 9:59:00+07','2026-04-08 17:07:00+07',9.49,1.49,'PRESENT') ON CONFLICT DO NOTHING;
INSERT INTO hr.attendance (employee_id,attendance_date,clock_in,clock_out,hours_worked,overtime_hours,status) VALUES ('3673c158-eea6-43b0-a3c7-9f4255f50a5c','2026-04-09','2026-04-09 8:19:00+07','2026-04-09 19:11:00+07',8.2,0.2,'LATE') ON CONFLICT DO NOTHING;
INSERT INTO hr.attendance (employee_id,attendance_date,clock_in,clock_out,hours_worked,overtime_hours,status) VALUES ('3673c158-eea6-43b0-a3c7-9f4255f50a5c','2026-04-10','2026-04-10 8:57:00+07','2026-04-10 19:25:00+07',7.96,0,'PRESENT') ON CONFLICT DO NOTHING;
INSERT INTO hr.attendance (employee_id,attendance_date,clock_in,clock_out,hours_worked,overtime_hours,status) VALUES ('3673c158-eea6-43b0-a3c7-9f4255f50a5c','2026-04-13','2026-04-13 9:44:00+07','2026-04-13 17:52:00+07',7.51,0,'LATE') ON CONFLICT DO NOTHING;
INSERT INTO hr.attendance (employee_id,attendance_date,clock_in,clock_out,hours_worked,overtime_hours,status) VALUES ('3673c158-eea6-43b0-a3c7-9f4255f50a5c','2026-04-14','2026-04-14 9:51:00+07','2026-04-14 17:37:00+07',7.74,0,'PRESENT') ON CONFLICT DO NOTHING;
INSERT INTO hr.attendance (employee_id,attendance_date,clock_in,clock_out,hours_worked,overtime_hours,status) VALUES ('3673c158-eea6-43b0-a3c7-9f4255f50a5c','2026-04-15','2026-04-15 8:49:00+07','2026-04-15 18:26:00+07',9.01,1.01,'PRESENT') ON CONFLICT DO NOTHING;
INSERT INTO hr.attendance (employee_id,attendance_date,clock_in,clock_out,hours_worked,overtime_hours,status) VALUES ('3673c158-eea6-43b0-a3c7-9f4255f50a5c','2026-04-16','2026-04-16 8:31:00+07','2026-04-16 17:45:00+07',8.26,0.26,'PRESENT') ON CONFLICT DO NOTHING;
INSERT INTO hr.attendance (employee_id,attendance_date,clock_in,clock_out,hours_worked,overtime_hours,status) VALUES ('3673c158-eea6-43b0-a3c7-9f4255f50a5c','2026-04-17','2026-04-17 9:20:00+07','2026-04-17 18:09:00+07',8.06,0.06,'LATE') ON CONFLICT DO NOTHING;
INSERT INTO hr.attendance (employee_id,attendance_date,clock_in,clock_out,hours_worked,overtime_hours,status) VALUES ('3673c158-eea6-43b0-a3c7-9f4255f50a5c','2026-04-20','2026-04-20 9:55:00+07','2026-04-20 19:06:00+07',8.82,0.82,'PRESENT') ON CONFLICT DO NOTHING;
INSERT INTO hr.attendance (employee_id,attendance_date,clock_in,clock_out,hours_worked,overtime_hours,status) VALUES ('3673c158-eea6-43b0-a3c7-9f4255f50a5c','2026-04-21','2026-04-21 9:03:00+07','2026-04-21 17:57:00+07',8.7,0.7,'PRESENT') ON CONFLICT DO NOTHING;
INSERT INTO hr.attendance (employee_id,attendance_date,clock_in,clock_out,hours_worked,overtime_hours,status) VALUES ('3673c158-eea6-43b0-a3c7-9f4255f50a5c','2026-04-22','2026-04-22 8:42:00+07','2026-04-22 17:39:00+07',8.68,0.68,'PRESENT') ON CONFLICT DO NOTHING;
INSERT INTO hr.attendance (employee_id,attendance_date,clock_in,clock_out,hours_worked,overtime_hours,status) VALUES ('3673c158-eea6-43b0-a3c7-9f4255f50a5c','2026-04-23','2026-04-23 9:00:00+07','2026-04-23 19:19:00+07',7.82,0,'PRESENT') ON CONFLICT DO NOTHING;
INSERT INTO hr.attendance (employee_id,attendance_date,clock_in,clock_out,hours_worked,overtime_hours,status) VALUES ('3673c158-eea6-43b0-a3c7-9f4255f50a5c','2026-04-24','2026-04-24 8:13:00+07','2026-04-24 18:59:00+07',8.78,0.78,'LATE') ON CONFLICT DO NOTHING;
INSERT INTO hr.attendance (employee_id,attendance_date,clock_in,clock_out,hours_worked,overtime_hours,status) VALUES ('3673c158-eea6-43b0-a3c7-9f4255f50a5c','2026-04-27','2026-04-27 8:51:00+07','2026-04-27 19:37:00+07',8.83,0.83,'LATE') ON CONFLICT DO NOTHING;
INSERT INTO hr.attendance (employee_id,attendance_date,clock_in,clock_out,hours_worked,overtime_hours,status) VALUES ('3673c158-eea6-43b0-a3c7-9f4255f50a5c','2026-04-28','2026-04-28 9:27:00+07','2026-04-28 17:09:00+07',8.55,0.55,'PRESENT') ON CONFLICT DO NOTHING;
INSERT INTO hr.attendance (employee_id,attendance_date,clock_in,clock_out,hours_worked,overtime_hours,status) VALUES ('3673c158-eea6-43b0-a3c7-9f4255f50a5c','2026-04-29','2026-04-29 9:03:00+07','2026-04-29 19:57:00+07',8.99,0.99,'PRESENT') ON CONFLICT DO NOTHING;
INSERT INTO hr.attendance (employee_id,attendance_date,clock_in,clock_out,hours_worked,overtime_hours,status) VALUES ('3673c158-eea6-43b0-a3c7-9f4255f50a5c','2026-04-30','2026-04-30 9:15:00+07','2026-04-30 18:12:00+07',9.1,1.1,'PRESENT') ON CONFLICT DO NOTHING;
INSERT INTO hr.attendance (employee_id,attendance_date,clock_in,clock_out,hours_worked,overtime_hours,status) VALUES ('3673c158-eea6-43b0-a3c7-9f4255f50a5c','2026-05-01','2026-05-01 8:23:00+07','2026-05-01 19:14:00+07',8.48,0.48,'PRESENT') ON CONFLICT DO NOTHING;
INSERT INTO hr.attendance (employee_id,attendance_date,clock_in,clock_out,hours_worked,overtime_hours,status) VALUES ('3673c158-eea6-43b0-a3c7-9f4255f50a5c','2026-05-04','2026-05-04 8:13:00+07','2026-05-04 18:48:00+07',8.67,0.67,'PRESENT') ON CONFLICT DO NOTHING;
INSERT INTO hr.attendance (employee_id,attendance_date,clock_in,clock_out,hours_worked,overtime_hours,status) VALUES ('7700dbf5-edd1-46c9-b4a3-7da8104531b9','2026-04-06','2026-04-06 9:25:00+07','2026-04-06 17:11:00+07',9.21,1.21,'PRESENT') ON CONFLICT DO NOTHING;
INSERT INTO hr.attendance (employee_id,attendance_date,clock_in,clock_out,hours_worked,overtime_hours,status) VALUES ('7700dbf5-edd1-46c9-b4a3-7da8104531b9','2026-04-07','2026-04-07 9:11:00+07','2026-04-07 18:49:00+07',9.14,1.14,'PRESENT') ON CONFLICT DO NOTHING;
INSERT INTO hr.attendance (employee_id,attendance_date,clock_in,clock_out,hours_worked,overtime_hours,status) VALUES ('7700dbf5-edd1-46c9-b4a3-7da8104531b9','2026-04-08','2026-04-08 8:05:00+07','2026-04-08 18:34:00+07',8.87,0.87,'PRESENT') ON CONFLICT DO NOTHING;
INSERT INTO hr.attendance (employee_id,attendance_date,clock_in,clock_out,hours_worked,overtime_hours,status) VALUES ('7700dbf5-edd1-46c9-b4a3-7da8104531b9','2026-04-09','2026-04-09 9:43:00+07','2026-04-09 19:15:00+07',9.2,1.2,'PRESENT') ON CONFLICT DO NOTHING;
INSERT INTO hr.attendance (employee_id,attendance_date,clock_in,clock_out,hours_worked,overtime_hours,status) VALUES ('7700dbf5-edd1-46c9-b4a3-7da8104531b9','2026-04-10','2026-04-10 8:59:00+07','2026-04-10 19:53:00+07',9.37,1.37,'LATE') ON CONFLICT DO NOTHING;
INSERT INTO hr.attendance (employee_id,attendance_date,clock_in,clock_out,hours_worked,overtime_hours,status) VALUES ('7700dbf5-edd1-46c9-b4a3-7da8104531b9','2026-04-13','2026-04-13 9:05:00+07','2026-04-13 19:34:00+07',8.45,0.45,'PRESENT') ON CONFLICT DO NOTHING;
INSERT INTO hr.attendance (employee_id,attendance_date,clock_in,clock_out,hours_worked,overtime_hours,status) VALUES ('7700dbf5-edd1-46c9-b4a3-7da8104531b9','2026-04-14','2026-04-14 8:48:00+07','2026-04-14 19:24:00+07',8.55,0.55,'LATE') ON CONFLICT DO NOTHING;
INSERT INTO hr.attendance (employee_id,attendance_date,clock_in,clock_out,hours_worked,overtime_hours,status) VALUES ('7700dbf5-edd1-46c9-b4a3-7da8104531b9','2026-04-15','2026-04-15 8:07:00+07','2026-04-15 17:21:00+07',8.96,0.96,'PRESENT') ON CONFLICT DO NOTHING;
INSERT INTO hr.attendance (employee_id,attendance_date,clock_in,clock_out,hours_worked,overtime_hours,status) VALUES ('7700dbf5-edd1-46c9-b4a3-7da8104531b9','2026-04-16','2026-04-16 8:43:00+07','2026-04-16 17:31:00+07',8.86,0.86,'LATE') ON CONFLICT DO NOTHING;
INSERT INTO hr.attendance (employee_id,attendance_date,clock_in,clock_out,hours_worked,overtime_hours,status) VALUES ('7700dbf5-edd1-46c9-b4a3-7da8104531b9','2026-04-17','2026-04-17 9:27:00+07','2026-04-17 19:18:00+07',9.47,1.47,'PRESENT') ON CONFLICT DO NOTHING;
INSERT INTO hr.attendance (employee_id,attendance_date,clock_in,clock_out,hours_worked,overtime_hours,status) VALUES ('7700dbf5-edd1-46c9-b4a3-7da8104531b9','2026-04-20','2026-04-20 9:10:00+07','2026-04-20 18:44:00+07',7.92,0,'PRESENT') ON CONFLICT DO NOTHING;
INSERT INTO hr.attendance (employee_id,attendance_date,clock_in,clock_out,hours_worked,overtime_hours,status) VALUES ('7700dbf5-edd1-46c9-b4a3-7da8104531b9','2026-04-21','2026-04-21 8:44:00+07','2026-04-21 18:34:00+07',8.83,0.83,'PRESENT') ON CONFLICT DO NOTHING;
INSERT INTO hr.attendance (employee_id,attendance_date,clock_in,clock_out,hours_worked,overtime_hours,status) VALUES ('7700dbf5-edd1-46c9-b4a3-7da8104531b9','2026-04-22','2026-04-22 9:23:00+07','2026-04-22 17:49:00+07',7.96,0,'PRESENT') ON CONFLICT DO NOTHING;
INSERT INTO hr.attendance (employee_id,attendance_date,clock_in,clock_out,hours_worked,overtime_hours,status) VALUES ('7700dbf5-edd1-46c9-b4a3-7da8104531b9','2026-04-23','2026-04-23 9:00:00+07','2026-04-23 19:24:00+07',8.59,0.59,'PRESENT') ON CONFLICT DO NOTHING;
INSERT INTO hr.attendance (employee_id,attendance_date,clock_in,clock_out,hours_worked,overtime_hours,status) VALUES ('7700dbf5-edd1-46c9-b4a3-7da8104531b9','2026-04-24','2026-04-24 9:22:00+07','2026-04-24 18:23:00+07',9.14,1.14,'PRESENT') ON CONFLICT DO NOTHING;
INSERT INTO hr.attendance (employee_id,attendance_date,clock_in,clock_out,hours_worked,overtime_hours,status) VALUES ('7700dbf5-edd1-46c9-b4a3-7da8104531b9','2026-04-27','2026-04-27 8:07:00+07','2026-04-27 18:33:00+07',9.39,1.39,'PRESENT') ON CONFLICT DO NOTHING;
INSERT INTO hr.attendance (employee_id,attendance_date,clock_in,clock_out,hours_worked,overtime_hours,status) VALUES ('7700dbf5-edd1-46c9-b4a3-7da8104531b9','2026-04-28','2026-04-28 8:40:00+07','2026-04-28 17:31:00+07',8.21,0.21,'PRESENT') ON CONFLICT DO NOTHING;
INSERT INTO hr.attendance (employee_id,attendance_date,clock_in,clock_out,hours_worked,overtime_hours,status) VALUES ('7700dbf5-edd1-46c9-b4a3-7da8104531b9','2026-04-29','2026-04-29 9:44:00+07','2026-04-29 19:04:00+07',7.9,0,'PRESENT') ON CONFLICT DO NOTHING;
INSERT INTO hr.attendance (employee_id,attendance_date,clock_in,clock_out,hours_worked,overtime_hours,status) VALUES ('7700dbf5-edd1-46c9-b4a3-7da8104531b9','2026-04-30','2026-04-30 9:47:00+07','2026-04-30 17:26:00+07',9.15,1.15,'PRESENT') ON CONFLICT DO NOTHING;
INSERT INTO hr.attendance (employee_id,attendance_date,clock_in,clock_out,hours_worked,overtime_hours,status) VALUES ('7700dbf5-edd1-46c9-b4a3-7da8104531b9','2026-05-01','2026-05-01 8:00:00+07','2026-05-01 17:53:00+07',9.19,1.19,'LATE') ON CONFLICT DO NOTHING;
INSERT INTO hr.attendance (employee_id,attendance_date,clock_in,clock_out,hours_worked,overtime_hours,status) VALUES ('7700dbf5-edd1-46c9-b4a3-7da8104531b9','2026-05-04','2026-05-04 9:57:00+07','2026-05-04 18:25:00+07',8.1,0.1,'PRESENT') ON CONFLICT DO NOTHING;
INSERT INTO hr.attendance (employee_id,attendance_date,clock_in,clock_out,hours_worked,overtime_hours,status) VALUES ('f11ac6f6-61ba-4797-a3f6-f6d796f30786','2026-04-06','2026-04-06 9:54:00+07','2026-04-06 18:18:00+07',8.83,0.83,'PRESENT') ON CONFLICT DO NOTHING;
INSERT INTO hr.attendance (employee_id,attendance_date,clock_in,clock_out,hours_worked,overtime_hours,status) VALUES ('f11ac6f6-61ba-4797-a3f6-f6d796f30786','2026-04-07','2026-04-07 8:07:00+07','2026-04-07 17:59:00+07',9.23,1.23,'PRESENT') ON CONFLICT DO NOTHING;
INSERT INTO hr.attendance (employee_id,attendance_date,clock_in,clock_out,hours_worked,overtime_hours,status) VALUES ('f11ac6f6-61ba-4797-a3f6-f6d796f30786','2026-04-08','2026-04-08 9:11:00+07','2026-04-08 18:46:00+07',8.53,0.53,'PRESENT') ON CONFLICT DO NOTHING;
INSERT INTO hr.attendance (employee_id,attendance_date,clock_in,clock_out,hours_worked,overtime_hours,status) VALUES ('f11ac6f6-61ba-4797-a3f6-f6d796f30786','2026-04-09','2026-04-09 8:30:00+07','2026-04-09 17:38:00+07',7.59,0,'PRESENT') ON CONFLICT DO NOTHING;
INSERT INTO hr.attendance (employee_id,attendance_date,clock_in,clock_out,hours_worked,overtime_hours,status) VALUES ('f11ac6f6-61ba-4797-a3f6-f6d796f30786','2026-04-10','2026-04-10 9:36:00+07','2026-04-10 18:52:00+07',7.76,0,'PRESENT') ON CONFLICT DO NOTHING;
INSERT INTO hr.attendance (employee_id,attendance_date,clock_in,clock_out,hours_worked,overtime_hours,status) VALUES ('f11ac6f6-61ba-4797-a3f6-f6d796f30786','2026-04-13','2026-04-13 8:11:00+07','2026-04-13 18:46:00+07',8.77,0.77,'LATE') ON CONFLICT DO NOTHING;
INSERT INTO hr.attendance (employee_id,attendance_date,clock_in,clock_out,hours_worked,overtime_hours,status) VALUES ('f11ac6f6-61ba-4797-a3f6-f6d796f30786','2026-04-14','2026-04-14 8:38:00+07','2026-04-14 18:53:00+07',8.86,0.86,'PRESENT') ON CONFLICT DO NOTHING;
INSERT INTO hr.attendance (employee_id,attendance_date,clock_in,clock_out,hours_worked,overtime_hours,status) VALUES ('f11ac6f6-61ba-4797-a3f6-f6d796f30786','2026-04-15','2026-04-15 9:20:00+07','2026-04-15 19:12:00+07',9.21,1.21,'PRESENT') ON CONFLICT DO NOTHING;
INSERT INTO hr.attendance (employee_id,attendance_date,clock_in,clock_out,hours_worked,overtime_hours,status) VALUES ('f11ac6f6-61ba-4797-a3f6-f6d796f30786','2026-04-16','2026-04-16 8:25:00+07','2026-04-16 17:56:00+07',8.76,0.76,'LATE') ON CONFLICT DO NOTHING;
INSERT INTO hr.attendance (employee_id,attendance_date,clock_in,clock_out,hours_worked,overtime_hours,status) VALUES ('f11ac6f6-61ba-4797-a3f6-f6d796f30786','2026-04-17','2026-04-17 9:53:00+07','2026-04-17 18:35:00+07',7.77,0,'PRESENT') ON CONFLICT DO NOTHING;
INSERT INTO hr.attendance (employee_id,attendance_date,clock_in,clock_out,hours_worked,overtime_hours,status) VALUES ('f11ac6f6-61ba-4797-a3f6-f6d796f30786','2026-04-20','2026-04-20 9:07:00+07','2026-04-20 17:54:00+07',7.79,0,'PRESENT') ON CONFLICT DO NOTHING;
INSERT INTO hr.attendance (employee_id,attendance_date,clock_in,clock_out,hours_worked,overtime_hours,status) VALUES ('f11ac6f6-61ba-4797-a3f6-f6d796f30786','2026-04-21','2026-04-21 9:53:00+07','2026-04-21 18:14:00+07',7.64,0,'PRESENT') ON CONFLICT DO NOTHING;
INSERT INTO hr.attendance (employee_id,attendance_date,clock_in,clock_out,hours_worked,overtime_hours,status) VALUES ('f11ac6f6-61ba-4797-a3f6-f6d796f30786','2026-04-22','2026-04-22 9:19:00+07','2026-04-22 19:06:00+07',8.54,0.54,'PRESENT') ON CONFLICT DO NOTHING;
INSERT INTO hr.attendance (employee_id,attendance_date,clock_in,clock_out,hours_worked,overtime_hours,status) VALUES ('f11ac6f6-61ba-4797-a3f6-f6d796f30786','2026-04-23','2026-04-23 9:32:00+07','2026-04-23 17:39:00+07',8.53,0.53,'PRESENT') ON CONFLICT DO NOTHING;
INSERT INTO hr.attendance (employee_id,attendance_date,clock_in,clock_out,hours_worked,overtime_hours,status) VALUES ('f11ac6f6-61ba-4797-a3f6-f6d796f30786','2026-04-24','2026-04-24 9:30:00+07','2026-04-24 17:04:00+07',9.35,1.35,'PRESENT') ON CONFLICT DO NOTHING;
INSERT INTO hr.attendance (employee_id,attendance_date,clock_in,clock_out,hours_worked,overtime_hours,status) VALUES ('f11ac6f6-61ba-4797-a3f6-f6d796f30786','2026-04-27','2026-04-27 8:58:00+07','2026-04-27 17:44:00+07',8.91,0.91,'LATE') ON CONFLICT DO NOTHING;
INSERT INTO hr.attendance (employee_id,attendance_date,clock_in,clock_out,hours_worked,overtime_hours,status) VALUES ('f11ac6f6-61ba-4797-a3f6-f6d796f30786','2026-04-28','2026-04-28 8:58:00+07','2026-04-28 19:27:00+07',9.24,1.24,'PRESENT') ON CONFLICT DO NOTHING;
INSERT INTO hr.attendance (employee_id,attendance_date,clock_in,clock_out,hours_worked,overtime_hours,status) VALUES ('f11ac6f6-61ba-4797-a3f6-f6d796f30786','2026-04-29','2026-04-29 9:11:00+07','2026-04-29 17:08:00+07',7.91,0,'PRESENT') ON CONFLICT DO NOTHING;
INSERT INTO hr.attendance (employee_id,attendance_date,clock_in,clock_out,hours_worked,overtime_hours,status) VALUES ('f11ac6f6-61ba-4797-a3f6-f6d796f30786','2026-04-30','2026-04-30 9:07:00+07','2026-04-30 18:12:00+07',8.66,0.66,'PRESENT') ON CONFLICT DO NOTHING;
INSERT INTO hr.attendance (employee_id,attendance_date,clock_in,clock_out,hours_worked,overtime_hours,status) VALUES ('f11ac6f6-61ba-4797-a3f6-f6d796f30786','2026-05-01','2026-05-01 8:21:00+07','2026-05-01 17:34:00+07',8.77,0.77,'LATE') ON CONFLICT DO NOTHING;
INSERT INTO hr.attendance (employee_id,attendance_date,clock_in,clock_out,hours_worked,overtime_hours,status) VALUES ('f11ac6f6-61ba-4797-a3f6-f6d796f30786','2026-05-04','2026-05-04 9:59:00+07','2026-05-04 19:24:00+07',9.39,1.39,'PRESENT') ON CONFLICT DO NOTHING;
INSERT INTO hr.attendance (employee_id,attendance_date,clock_in,clock_out,hours_worked,overtime_hours,status) VALUES ('90bf0cb9-95fe-4b34-9fed-f8f51d701159','2026-04-06','2026-04-06 9:13:00+07','2026-04-06 18:05:00+07',9.37,1.37,'PRESENT') ON CONFLICT DO NOTHING;
INSERT INTO hr.attendance (employee_id,attendance_date,clock_in,clock_out,hours_worked,overtime_hours,status) VALUES ('90bf0cb9-95fe-4b34-9fed-f8f51d701159','2026-04-07','2026-04-07 9:39:00+07','2026-04-07 17:09:00+07',8.94,0.94,'PRESENT') ON CONFLICT DO NOTHING;
INSERT INTO hr.attendance (employee_id,attendance_date,clock_in,clock_out,hours_worked,overtime_hours,status) VALUES ('90bf0cb9-95fe-4b34-9fed-f8f51d701159','2026-04-08','2026-04-08 8:27:00+07','2026-04-08 19:14:00+07',9.47,1.47,'PRESENT') ON CONFLICT DO NOTHING;
INSERT INTO hr.attendance (employee_id,attendance_date,clock_in,clock_out,hours_worked,overtime_hours,status) VALUES ('90bf0cb9-95fe-4b34-9fed-f8f51d701159','2026-04-09','2026-04-09 9:22:00+07','2026-04-09 19:15:00+07',7.88,0,'PRESENT') ON CONFLICT DO NOTHING;
INSERT INTO hr.attendance (employee_id,attendance_date,clock_in,clock_out,hours_worked,overtime_hours,status) VALUES ('90bf0cb9-95fe-4b34-9fed-f8f51d701159','2026-04-10','2026-04-10 8:50:00+07','2026-04-10 18:27:00+07',7.87,0,'PRESENT') ON CONFLICT DO NOTHING;
INSERT INTO hr.attendance (employee_id,attendance_date,clock_in,clock_out,hours_worked,overtime_hours,status) VALUES ('90bf0cb9-95fe-4b34-9fed-f8f51d701159','2026-04-13','2026-04-13 8:41:00+07','2026-04-13 19:06:00+07',7.89,0,'PRESENT') ON CONFLICT DO NOTHING;
INSERT INTO hr.attendance (employee_id,attendance_date,clock_in,clock_out,hours_worked,overtime_hours,status) VALUES ('90bf0cb9-95fe-4b34-9fed-f8f51d701159','2026-04-14','2026-04-14 9:57:00+07','2026-04-14 18:16:00+07',7.65,0,'PRESENT') ON CONFLICT DO NOTHING;
INSERT INTO hr.attendance (employee_id,attendance_date,clock_in,clock_out,hours_worked,overtime_hours,status) VALUES ('90bf0cb9-95fe-4b34-9fed-f8f51d701159','2026-04-15','2026-04-15 9:43:00+07','2026-04-15 19:37:00+07',8.82,0.82,'PRESENT') ON CONFLICT DO NOTHING;
INSERT INTO hr.attendance (employee_id,attendance_date,clock_in,clock_out,hours_worked,overtime_hours,status) VALUES ('90bf0cb9-95fe-4b34-9fed-f8f51d701159','2026-04-16','2026-04-16 8:04:00+07','2026-04-16 18:55:00+07',7.8,0,'PRESENT') ON CONFLICT DO NOTHING;
INSERT INTO hr.attendance (employee_id,attendance_date,clock_in,clock_out,hours_worked,overtime_hours,status) VALUES ('90bf0cb9-95fe-4b34-9fed-f8f51d701159','2026-04-17','2026-04-17 8:11:00+07','2026-04-17 19:20:00+07',9.23,1.23,'PRESENT') ON CONFLICT DO NOTHING;
INSERT INTO hr.attendance (employee_id,attendance_date,clock_in,clock_out,hours_worked,overtime_hours,status) VALUES ('90bf0cb9-95fe-4b34-9fed-f8f51d701159','2026-04-20','2026-04-20 8:53:00+07','2026-04-20 19:56:00+07',7.75,0,'PRESENT') ON CONFLICT DO NOTHING;
INSERT INTO hr.attendance (employee_id,attendance_date,clock_in,clock_out,hours_worked,overtime_hours,status) VALUES ('90bf0cb9-95fe-4b34-9fed-f8f51d701159','2026-04-21','2026-04-21 8:32:00+07','2026-04-21 18:03:00+07',8.33,0.33,'PRESENT') ON CONFLICT DO NOTHING;
INSERT INTO hr.attendance (employee_id,attendance_date,clock_in,clock_out,hours_worked,overtime_hours,status) VALUES ('90bf0cb9-95fe-4b34-9fed-f8f51d701159','2026-04-22','2026-04-22 8:07:00+07','2026-04-22 19:38:00+07',8.49,0.49,'PRESENT') ON CONFLICT DO NOTHING;
INSERT INTO hr.attendance (employee_id,attendance_date,clock_in,clock_out,hours_worked,overtime_hours,status) VALUES ('90bf0cb9-95fe-4b34-9fed-f8f51d701159','2026-04-23','2026-04-23 9:31:00+07','2026-04-23 18:55:00+07',8.16,0.16,'LATE') ON CONFLICT DO NOTHING;
INSERT INTO hr.attendance (employee_id,attendance_date,clock_in,clock_out,hours_worked,overtime_hours,status) VALUES ('90bf0cb9-95fe-4b34-9fed-f8f51d701159','2026-04-24','2026-04-24 8:53:00+07','2026-04-24 17:48:00+07',8.45,0.45,'PRESENT') ON CONFLICT DO NOTHING;
INSERT INTO hr.attendance (employee_id,attendance_date,clock_in,clock_out,hours_worked,overtime_hours,status) VALUES ('90bf0cb9-95fe-4b34-9fed-f8f51d701159','2026-04-27','2026-04-27 9:33:00+07','2026-04-27 18:25:00+07',9.45,1.45,'PRESENT') ON CONFLICT DO NOTHING;
INSERT INTO hr.attendance (employee_id,attendance_date,clock_in,clock_out,hours_worked,overtime_hours,status) VALUES ('90bf0cb9-95fe-4b34-9fed-f8f51d701159','2026-04-28','2026-04-28 9:30:00+07','2026-04-28 18:37:00+07',8.61,0.61,'PRESENT') ON CONFLICT DO NOTHING;
INSERT INTO hr.attendance (employee_id,attendance_date,clock_in,clock_out,hours_worked,overtime_hours,status) VALUES ('90bf0cb9-95fe-4b34-9fed-f8f51d701159','2026-04-29','2026-04-29 8:00:00+07','2026-04-29 19:15:00+07',8.6,0.6,'PRESENT') ON CONFLICT DO NOTHING;
INSERT INTO hr.attendance (employee_id,attendance_date,clock_in,clock_out,hours_worked,overtime_hours,status) VALUES ('90bf0cb9-95fe-4b34-9fed-f8f51d701159','2026-04-30','2026-04-30 9:20:00+07','2026-04-30 18:18:00+07',8.51,0.51,'PRESENT') ON CONFLICT DO NOTHING;
INSERT INTO hr.attendance (employee_id,attendance_date,clock_in,clock_out,hours_worked,overtime_hours,status) VALUES ('90bf0cb9-95fe-4b34-9fed-f8f51d701159','2026-05-01','2026-05-01 9:37:00+07','2026-05-01 18:11:00+07',9.25,1.25,'PRESENT') ON CONFLICT DO NOTHING;
INSERT INTO hr.attendance (employee_id,attendance_date,clock_in,clock_out,hours_worked,overtime_hours,status) VALUES ('90bf0cb9-95fe-4b34-9fed-f8f51d701159','2026-05-04','2026-05-04 9:55:00+07','2026-05-04 17:00:00+07',7.94,0,'PRESENT') ON CONFLICT DO NOTHING;
INSERT INTO hr.attendance (employee_id,attendance_date,clock_in,clock_out,hours_worked,overtime_hours,status) VALUES ('b4ae6a78-8300-49a5-b7a4-0fffe314d69a','2026-04-06','2026-04-06 9:52:00+07','2026-04-06 18:44:00+07',8.73,0.73,'PRESENT') ON CONFLICT DO NOTHING;
INSERT INTO hr.attendance (employee_id,attendance_date,clock_in,clock_out,hours_worked,overtime_hours,status) VALUES ('b4ae6a78-8300-49a5-b7a4-0fffe314d69a','2026-04-07','2026-04-07 8:33:00+07','2026-04-07 19:52:00+07',8.09,0.09,'PRESENT') ON CONFLICT DO NOTHING;
INSERT INTO hr.attendance (employee_id,attendance_date,clock_in,clock_out,hours_worked,overtime_hours,status) VALUES ('b4ae6a78-8300-49a5-b7a4-0fffe314d69a','2026-04-08','2026-04-08 8:02:00+07','2026-04-08 19:41:00+07',8.18,0.18,'PRESENT') ON CONFLICT DO NOTHING;
INSERT INTO hr.attendance (employee_id,attendance_date,clock_in,clock_out,hours_worked,overtime_hours,status) VALUES ('b4ae6a78-8300-49a5-b7a4-0fffe314d69a','2026-04-09','2026-04-09 8:39:00+07','2026-04-09 18:17:00+07',8.4,0.4,'LATE') ON CONFLICT DO NOTHING;
INSERT INTO hr.attendance (employee_id,attendance_date,clock_in,clock_out,hours_worked,overtime_hours,status) VALUES ('b4ae6a78-8300-49a5-b7a4-0fffe314d69a','2026-04-10','2026-04-10 9:45:00+07','2026-04-10 18:19:00+07',8.36,0.36,'LATE') ON CONFLICT DO NOTHING;
INSERT INTO hr.attendance (employee_id,attendance_date,clock_in,clock_out,hours_worked,overtime_hours,status) VALUES ('b4ae6a78-8300-49a5-b7a4-0fffe314d69a','2026-04-13','2026-04-13 9:15:00+07','2026-04-13 19:21:00+07',7.74,0,'PRESENT') ON CONFLICT DO NOTHING;
INSERT INTO hr.attendance (employee_id,attendance_date,clock_in,clock_out,hours_worked,overtime_hours,status) VALUES ('b4ae6a78-8300-49a5-b7a4-0fffe314d69a','2026-04-14','2026-04-14 9:32:00+07','2026-04-14 19:40:00+07',9.08,1.08,'LATE') ON CONFLICT DO NOTHING;
INSERT INTO hr.attendance (employee_id,attendance_date,clock_in,clock_out,hours_worked,overtime_hours,status) VALUES ('b4ae6a78-8300-49a5-b7a4-0fffe314d69a','2026-04-15','2026-04-15 9:06:00+07','2026-04-15 17:00:00+07',9.02,1.02,'PRESENT') ON CONFLICT DO NOTHING;
INSERT INTO hr.attendance (employee_id,attendance_date,clock_in,clock_out,hours_worked,overtime_hours,status) VALUES ('b4ae6a78-8300-49a5-b7a4-0fffe314d69a','2026-04-16','2026-04-16 9:14:00+07','2026-04-16 19:16:00+07',9.35,1.35,'PRESENT') ON CONFLICT DO NOTHING;
INSERT INTO hr.attendance (employee_id,attendance_date,clock_in,clock_out,hours_worked,overtime_hours,status) VALUES ('b4ae6a78-8300-49a5-b7a4-0fffe314d69a','2026-04-17','2026-04-17 9:54:00+07','2026-04-17 18:26:00+07',8.05,0.05,'PRESENT') ON CONFLICT DO NOTHING;
INSERT INTO hr.attendance (employee_id,attendance_date,clock_in,clock_out,hours_worked,overtime_hours,status) VALUES ('b4ae6a78-8300-49a5-b7a4-0fffe314d69a','2026-04-20','2026-04-20 8:09:00+07','2026-04-20 18:24:00+07',7.7,0,'PRESENT') ON CONFLICT DO NOTHING;
INSERT INTO hr.attendance (employee_id,attendance_date,clock_in,clock_out,hours_worked,overtime_hours,status) VALUES ('b4ae6a78-8300-49a5-b7a4-0fffe314d69a','2026-04-21','2026-04-21 8:55:00+07','2026-04-21 19:29:00+07',8.26,0.26,'PRESENT') ON CONFLICT DO NOTHING;
INSERT INTO hr.attendance (employee_id,attendance_date,clock_in,clock_out,hours_worked,overtime_hours,status) VALUES ('b4ae6a78-8300-49a5-b7a4-0fffe314d69a','2026-04-22','2026-04-22 9:59:00+07','2026-04-22 18:39:00+07',8.43,0.43,'PRESENT') ON CONFLICT DO NOTHING;
INSERT INTO hr.attendance (employee_id,attendance_date,clock_in,clock_out,hours_worked,overtime_hours,status) VALUES ('b4ae6a78-8300-49a5-b7a4-0fffe314d69a','2026-04-23','2026-04-23 9:34:00+07','2026-04-23 17:58:00+07',7.72,0,'PRESENT') ON CONFLICT DO NOTHING;
INSERT INTO hr.attendance (employee_id,attendance_date,clock_in,clock_out,hours_worked,overtime_hours,status) VALUES ('b4ae6a78-8300-49a5-b7a4-0fffe314d69a','2026-04-24','2026-04-24 9:38:00+07','2026-04-24 17:11:00+07',8.14,0.14,'PRESENT') ON CONFLICT DO NOTHING;
INSERT INTO hr.attendance (employee_id,attendance_date,clock_in,clock_out,hours_worked,overtime_hours,status) VALUES ('b4ae6a78-8300-49a5-b7a4-0fffe314d69a','2026-04-27','2026-04-27 9:46:00+07','2026-04-27 19:16:00+07',8.88,0.88,'PRESENT') ON CONFLICT DO NOTHING;
INSERT INTO hr.attendance (employee_id,attendance_date,clock_in,clock_out,hours_worked,overtime_hours,status) VALUES ('b4ae6a78-8300-49a5-b7a4-0fffe314d69a','2026-04-28','2026-04-28 9:20:00+07','2026-04-28 19:13:00+07',7.92,0,'PRESENT') ON CONFLICT DO NOTHING;
INSERT INTO hr.attendance (employee_id,attendance_date,clock_in,clock_out,hours_worked,overtime_hours,status) VALUES ('b4ae6a78-8300-49a5-b7a4-0fffe314d69a','2026-04-29','2026-04-29 9:08:00+07','2026-04-29 19:31:00+07',8.82,0.82,'PRESENT') ON CONFLICT DO NOTHING;
INSERT INTO hr.attendance (employee_id,attendance_date,clock_in,clock_out,hours_worked,overtime_hours,status) VALUES ('b4ae6a78-8300-49a5-b7a4-0fffe314d69a','2026-04-30','2026-04-30 9:55:00+07','2026-04-30 18:14:00+07',9.17,1.17,'LATE') ON CONFLICT DO NOTHING;
INSERT INTO hr.attendance (employee_id,attendance_date,clock_in,clock_out,hours_worked,overtime_hours,status) VALUES ('b4ae6a78-8300-49a5-b7a4-0fffe314d69a','2026-05-01','2026-05-01 9:01:00+07','2026-05-01 19:43:00+07',8.11,0.11,'PRESENT') ON CONFLICT DO NOTHING;
INSERT INTO hr.attendance (employee_id,attendance_date,clock_in,clock_out,hours_worked,overtime_hours,status) VALUES ('b4ae6a78-8300-49a5-b7a4-0fffe314d69a','2026-05-04','2026-05-04 9:40:00+07','2026-05-04 17:57:00+07',8.5,0.5,'LATE') ON CONFLICT DO NOTHING;
INSERT INTO hr.payroll_runs (id,run_number,period,pay_frequency,status,period_start,period_end,payment_date,total_gross_cents,total_deductions_cents,total_net_cents,total_employer_cost_cents,currency,employee_count) VALUES ('0511c47f-f35d-4532-a497-c223fb546384','PR-2026-01','2026-01','MONTHLY','PROCESSED','2026-01-01','2026-01-28','2026-01-28',21000000,4500000,16500000,3000000,'USD',30);
INSERT INTO hr.payroll_runs (id,run_number,period,pay_frequency,status,period_start,period_end,payment_date,total_gross_cents,total_deductions_cents,total_net_cents,total_employer_cost_cents,currency,employee_count) VALUES ('e592de7c-798e-4c90-8fa7-3a37773bb087','PR-2026-02','2026-02','MONTHLY','PROCESSED','2026-02-01','2026-02-28','2026-02-28',21000000,4500000,16500000,3000000,'USD',30);
INSERT INTO hr.payroll_runs (id,run_number,period,pay_frequency,status,period_start,period_end,payment_date,total_gross_cents,total_deductions_cents,total_net_cents,total_employer_cost_cents,currency,employee_count) VALUES ('67c5b743-7dca-48e6-8da0-6968cc07a758','PR-2026-03','2026-03','MONTHLY','PROCESSED','2026-03-01','2026-03-28','2026-03-28',21000000,4500000,16500000,3000000,'USD',30);
INSERT INTO hr.payroll_runs (id,run_number,period,pay_frequency,status,period_start,period_end,payment_date,total_gross_cents,total_deductions_cents,total_net_cents,total_employer_cost_cents,currency,employee_count) VALUES ('f34e8cb2-98a4-4e49-9a0c-2790ca6895b5','PR-2026-04','2026-04','MONTHLY','PROCESSED','2026-04-01','2026-04-28','2026-04-28',21000000,4500000,16500000,3000000,'USD',30);
INSERT INTO hr.pay_slips (payroll_run_id,employee_id,base_salary_cents,total_earnings_cents,total_deductions_cents,net_pay_cents,income_tax_cents,social_security_cents,regular_hours) VALUES ('0511c47f-f35d-4532-a497-c223fb546384','3f539300-6bc8-4562-b760-ad06f42fe242',772100,772100,115815,656285,77210,38605,160);
INSERT INTO hr.pay_slips (payroll_run_id,employee_id,base_salary_cents,total_earnings_cents,total_deductions_cents,net_pay_cents,income_tax_cents,social_security_cents,regular_hours) VALUES ('0511c47f-f35d-4532-a497-c223fb546384','f9cf22ff-caeb-4082-aa93-98aedeca4a38',591900,591900,88785,503115,59190,29595,160);
INSERT INTO hr.pay_slips (payroll_run_id,employee_id,base_salary_cents,total_earnings_cents,total_deductions_cents,net_pay_cents,income_tax_cents,social_security_cents,regular_hours) VALUES ('0511c47f-f35d-4532-a497-c223fb546384','b31bdf2a-88cf-445f-8166-6ba7f316f8cb',1130800,1130800,169620,961180,113080,56540,160);
INSERT INTO hr.pay_slips (payroll_run_id,employee_id,base_salary_cents,total_earnings_cents,total_deductions_cents,net_pay_cents,income_tax_cents,social_security_cents,regular_hours) VALUES ('0511c47f-f35d-4532-a497-c223fb546384','f515d582-5593-44a3-b17d-072e57685b46',1186400,1186400,177960,1008440,118640,59320,160);
INSERT INTO hr.pay_slips (payroll_run_id,employee_id,base_salary_cents,total_earnings_cents,total_deductions_cents,net_pay_cents,income_tax_cents,social_security_cents,regular_hours) VALUES ('0511c47f-f35d-4532-a497-c223fb546384','227177dd-7acb-4127-85d3-ade6e2093402',1014100,1014100,152115,861985,101410,50705,160);
INSERT INTO hr.pay_slips (payroll_run_id,employee_id,base_salary_cents,total_earnings_cents,total_deductions_cents,net_pay_cents,income_tax_cents,social_security_cents,regular_hours) VALUES ('0511c47f-f35d-4532-a497-c223fb546384','7511ed5f-0dee-4117-b6ba-9a71972e79b9',1141100,1141100,171165,969935,114110,57055,160);
INSERT INTO hr.pay_slips (payroll_run_id,employee_id,base_salary_cents,total_earnings_cents,total_deductions_cents,net_pay_cents,income_tax_cents,social_security_cents,regular_hours) VALUES ('0511c47f-f35d-4532-a497-c223fb546384','af15d1ba-a079-4400-ac57-015e5fe26265',1106200,1106200,165930,940270,110620,55310,160);
INSERT INTO hr.pay_slips (payroll_run_id,employee_id,base_salary_cents,total_earnings_cents,total_deductions_cents,net_pay_cents,income_tax_cents,social_security_cents,regular_hours) VALUES ('0511c47f-f35d-4532-a497-c223fb546384','4970b504-7f90-4f3d-a5dd-7ddf75d2f26c',683700,683700,102555,581145,68370,34185,160);
INSERT INTO hr.pay_slips (payroll_run_id,employee_id,base_salary_cents,total_earnings_cents,total_deductions_cents,net_pay_cents,income_tax_cents,social_security_cents,regular_hours) VALUES ('0511c47f-f35d-4532-a497-c223fb546384','68a31a6a-ec0e-4fac-a162-fecf029fc46a',795000,795000,119250,675750,79500,39750,160);
INSERT INTO hr.pay_slips (payroll_run_id,employee_id,base_salary_cents,total_earnings_cents,total_deductions_cents,net_pay_cents,income_tax_cents,social_security_cents,regular_hours) VALUES ('0511c47f-f35d-4532-a497-c223fb546384','c50e4b71-4ff8-48fb-8ccc-3c756ee273de',787200,787200,118080,669120,78720,39360,160);
INSERT INTO hr.pay_slips (payroll_run_id,employee_id,base_salary_cents,total_earnings_cents,total_deductions_cents,net_pay_cents,income_tax_cents,social_security_cents,regular_hours) VALUES ('0511c47f-f35d-4532-a497-c223fb546384','3673c158-eea6-43b0-a3c7-9f4255f50a5c',494600,494600,74190,420410,49460,24730,160);
INSERT INTO hr.pay_slips (payroll_run_id,employee_id,base_salary_cents,total_earnings_cents,total_deductions_cents,net_pay_cents,income_tax_cents,social_security_cents,regular_hours) VALUES ('0511c47f-f35d-4532-a497-c223fb546384','7700dbf5-edd1-46c9-b4a3-7da8104531b9',670000,670000,100500,569500,67000,33500,160);
INSERT INTO hr.pay_slips (payroll_run_id,employee_id,base_salary_cents,total_earnings_cents,total_deductions_cents,net_pay_cents,income_tax_cents,social_security_cents,regular_hours) VALUES ('0511c47f-f35d-4532-a497-c223fb546384','f11ac6f6-61ba-4797-a3f6-f6d796f30786',553900,553900,83085,470815,55390,27695,160);
INSERT INTO hr.pay_slips (payroll_run_id,employee_id,base_salary_cents,total_earnings_cents,total_deductions_cents,net_pay_cents,income_tax_cents,social_security_cents,regular_hours) VALUES ('0511c47f-f35d-4532-a497-c223fb546384','90bf0cb9-95fe-4b34-9fed-f8f51d701159',1017700,1017700,152655,865045,101770,50885,160);
INSERT INTO hr.pay_slips (payroll_run_id,employee_id,base_salary_cents,total_earnings_cents,total_deductions_cents,net_pay_cents,income_tax_cents,social_security_cents,regular_hours) VALUES ('0511c47f-f35d-4532-a497-c223fb546384','b4ae6a78-8300-49a5-b7a4-0fffe314d69a',1195100,1195100,179265,1015835,119510,59755,160);
INSERT INTO hr.pay_slips (payroll_run_id,employee_id,base_salary_cents,total_earnings_cents,total_deductions_cents,net_pay_cents,income_tax_cents,social_security_cents,regular_hours) VALUES ('0511c47f-f35d-4532-a497-c223fb546384','783fa4a6-072c-43ed-ac83-aece116d357a',1057700,1057700,158655,899045,105770,52885,160);
INSERT INTO hr.pay_slips (payroll_run_id,employee_id,base_salary_cents,total_earnings_cents,total_deductions_cents,net_pay_cents,income_tax_cents,social_security_cents,regular_hours) VALUES ('0511c47f-f35d-4532-a497-c223fb546384','65812526-4d60-402f-995a-cc1c14126424',713200,713200,106980,606220,71320,35660,160);
INSERT INTO hr.pay_slips (payroll_run_id,employee_id,base_salary_cents,total_earnings_cents,total_deductions_cents,net_pay_cents,income_tax_cents,social_security_cents,regular_hours) VALUES ('0511c47f-f35d-4532-a497-c223fb546384','5eb201d4-9a59-4ff7-a18b-65ac31908531',615000,615000,92250,522750,61500,30750,160);
INSERT INTO hr.pay_slips (payroll_run_id,employee_id,base_salary_cents,total_earnings_cents,total_deductions_cents,net_pay_cents,income_tax_cents,social_security_cents,regular_hours) VALUES ('0511c47f-f35d-4532-a497-c223fb546384','04433270-d122-4d51-a4a9-cb0f9013ace3',412200,412200,61830,350370,41220,20610,160);
INSERT INTO hr.pay_slips (payroll_run_id,employee_id,base_salary_cents,total_earnings_cents,total_deductions_cents,net_pay_cents,income_tax_cents,social_security_cents,regular_hours) VALUES ('0511c47f-f35d-4532-a497-c223fb546384','910e1495-3fab-4073-a5f0-77182c871495',445800,445800,66870,378930,44580,22290,160);
INSERT INTO hr.pay_slips (payroll_run_id,employee_id,base_salary_cents,total_earnings_cents,total_deductions_cents,net_pay_cents,income_tax_cents,social_security_cents,regular_hours) VALUES ('0511c47f-f35d-4532-a497-c223fb546384','26205648-3a07-46de-b6c2-d10450f44a7d',997600,997600,149640,847960,99760,49880,160);
INSERT INTO hr.pay_slips (payroll_run_id,employee_id,base_salary_cents,total_earnings_cents,total_deductions_cents,net_pay_cents,income_tax_cents,social_security_cents,regular_hours) VALUES ('0511c47f-f35d-4532-a497-c223fb546384','fa2af19d-a189-426f-a31e-511d28b04aa3',1163300,1163300,174495,988805,116330,58165,160);
INSERT INTO hr.pay_slips (payroll_run_id,employee_id,base_salary_cents,total_earnings_cents,total_deductions_cents,net_pay_cents,income_tax_cents,social_security_cents,regular_hours) VALUES ('0511c47f-f35d-4532-a497-c223fb546384','2994f5a7-8be7-4d62-920c-ad60d6df64b0',771700,771700,115755,655945,77170,38585,160);
INSERT INTO hr.pay_slips (payroll_run_id,employee_id,base_salary_cents,total_earnings_cents,total_deductions_cents,net_pay_cents,income_tax_cents,social_security_cents,regular_hours) VALUES ('0511c47f-f35d-4532-a497-c223fb546384','7324e404-36b5-4965-95ea-7ccf37ba05fd',1147600,1147600,172140,975460,114760,57380,160);
INSERT INTO hr.pay_slips (payroll_run_id,employee_id,base_salary_cents,total_earnings_cents,total_deductions_cents,net_pay_cents,income_tax_cents,social_security_cents,regular_hours) VALUES ('0511c47f-f35d-4532-a497-c223fb546384','70c89ebc-97af-4e4e-b3dc-3fedea992313',913100,913100,136965,776135,91310,45655,160);
INSERT INTO hr.pay_slips (payroll_run_id,employee_id,base_salary_cents,total_earnings_cents,total_deductions_cents,net_pay_cents,income_tax_cents,social_security_cents,regular_hours) VALUES ('0511c47f-f35d-4532-a497-c223fb546384','e2be72bb-9208-4b40-b865-07f46bbf22da',688900,688900,103335,585565,68890,34445,160);
INSERT INTO hr.pay_slips (payroll_run_id,employee_id,base_salary_cents,total_earnings_cents,total_deductions_cents,net_pay_cents,income_tax_cents,social_security_cents,regular_hours) VALUES ('0511c47f-f35d-4532-a497-c223fb546384','4095860a-a26d-40bd-9902-de9930c24c63',673000,673000,100950,572050,67300,33650,160);
INSERT INTO hr.pay_slips (payroll_run_id,employee_id,base_salary_cents,total_earnings_cents,total_deductions_cents,net_pay_cents,income_tax_cents,social_security_cents,regular_hours) VALUES ('0511c47f-f35d-4532-a497-c223fb546384','b8266cae-bc62-486a-9a26-366ec24011d5',787000,787000,118050,668950,78700,39350,160);
INSERT INTO hr.pay_slips (payroll_run_id,employee_id,base_salary_cents,total_earnings_cents,total_deductions_cents,net_pay_cents,income_tax_cents,social_security_cents,regular_hours) VALUES ('0511c47f-f35d-4532-a497-c223fb546384','de504c1a-a4bc-4bfc-9581-c7938c4428e8',693900,693900,104085,589815,69390,34695,160);
INSERT INTO hr.pay_slips (payroll_run_id,employee_id,base_salary_cents,total_earnings_cents,total_deductions_cents,net_pay_cents,income_tax_cents,social_security_cents,regular_hours) VALUES ('0511c47f-f35d-4532-a497-c223fb546384','51282ff8-202e-44f9-a759-0779119f91f0',418900,418900,62835,356065,41890,20945,160);
INSERT INTO hr.pay_slips (payroll_run_id,employee_id,base_salary_cents,total_earnings_cents,total_deductions_cents,net_pay_cents,income_tax_cents,social_security_cents,regular_hours) VALUES ('e592de7c-798e-4c90-8fa7-3a37773bb087','3f539300-6bc8-4562-b760-ad06f42fe242',772100,772100,115815,656285,77210,38605,160);
INSERT INTO hr.pay_slips (payroll_run_id,employee_id,base_salary_cents,total_earnings_cents,total_deductions_cents,net_pay_cents,income_tax_cents,social_security_cents,regular_hours) VALUES ('e592de7c-798e-4c90-8fa7-3a37773bb087','f9cf22ff-caeb-4082-aa93-98aedeca4a38',591900,591900,88785,503115,59190,29595,160);
INSERT INTO hr.pay_slips (payroll_run_id,employee_id,base_salary_cents,total_earnings_cents,total_deductions_cents,net_pay_cents,income_tax_cents,social_security_cents,regular_hours) VALUES ('e592de7c-798e-4c90-8fa7-3a37773bb087','b31bdf2a-88cf-445f-8166-6ba7f316f8cb',1130800,1130800,169620,961180,113080,56540,160);
INSERT INTO hr.pay_slips (payroll_run_id,employee_id,base_salary_cents,total_earnings_cents,total_deductions_cents,net_pay_cents,income_tax_cents,social_security_cents,regular_hours) VALUES ('e592de7c-798e-4c90-8fa7-3a37773bb087','f515d582-5593-44a3-b17d-072e57685b46',1186400,1186400,177960,1008440,118640,59320,160);
INSERT INTO hr.pay_slips (payroll_run_id,employee_id,base_salary_cents,total_earnings_cents,total_deductions_cents,net_pay_cents,income_tax_cents,social_security_cents,regular_hours) VALUES ('e592de7c-798e-4c90-8fa7-3a37773bb087','227177dd-7acb-4127-85d3-ade6e2093402',1014100,1014100,152115,861985,101410,50705,160);
INSERT INTO hr.pay_slips (payroll_run_id,employee_id,base_salary_cents,total_earnings_cents,total_deductions_cents,net_pay_cents,income_tax_cents,social_security_cents,regular_hours) VALUES ('e592de7c-798e-4c90-8fa7-3a37773bb087','7511ed5f-0dee-4117-b6ba-9a71972e79b9',1141100,1141100,171165,969935,114110,57055,160);
INSERT INTO hr.pay_slips (payroll_run_id,employee_id,base_salary_cents,total_earnings_cents,total_deductions_cents,net_pay_cents,income_tax_cents,social_security_cents,regular_hours) VALUES ('e592de7c-798e-4c90-8fa7-3a37773bb087','af15d1ba-a079-4400-ac57-015e5fe26265',1106200,1106200,165930,940270,110620,55310,160);
INSERT INTO hr.pay_slips (payroll_run_id,employee_id,base_salary_cents,total_earnings_cents,total_deductions_cents,net_pay_cents,income_tax_cents,social_security_cents,regular_hours) VALUES ('e592de7c-798e-4c90-8fa7-3a37773bb087','4970b504-7f90-4f3d-a5dd-7ddf75d2f26c',683700,683700,102555,581145,68370,34185,160);
INSERT INTO hr.pay_slips (payroll_run_id,employee_id,base_salary_cents,total_earnings_cents,total_deductions_cents,net_pay_cents,income_tax_cents,social_security_cents,regular_hours) VALUES ('e592de7c-798e-4c90-8fa7-3a37773bb087','68a31a6a-ec0e-4fac-a162-fecf029fc46a',795000,795000,119250,675750,79500,39750,160);
INSERT INTO hr.pay_slips (payroll_run_id,employee_id,base_salary_cents,total_earnings_cents,total_deductions_cents,net_pay_cents,income_tax_cents,social_security_cents,regular_hours) VALUES ('e592de7c-798e-4c90-8fa7-3a37773bb087','c50e4b71-4ff8-48fb-8ccc-3c756ee273de',787200,787200,118080,669120,78720,39360,160);
INSERT INTO hr.pay_slips (payroll_run_id,employee_id,base_salary_cents,total_earnings_cents,total_deductions_cents,net_pay_cents,income_tax_cents,social_security_cents,regular_hours) VALUES ('e592de7c-798e-4c90-8fa7-3a37773bb087','3673c158-eea6-43b0-a3c7-9f4255f50a5c',494600,494600,74190,420410,49460,24730,160);
INSERT INTO hr.pay_slips (payroll_run_id,employee_id,base_salary_cents,total_earnings_cents,total_deductions_cents,net_pay_cents,income_tax_cents,social_security_cents,regular_hours) VALUES ('e592de7c-798e-4c90-8fa7-3a37773bb087','7700dbf5-edd1-46c9-b4a3-7da8104531b9',670000,670000,100500,569500,67000,33500,160);
INSERT INTO hr.pay_slips (payroll_run_id,employee_id,base_salary_cents,total_earnings_cents,total_deductions_cents,net_pay_cents,income_tax_cents,social_security_cents,regular_hours) VALUES ('e592de7c-798e-4c90-8fa7-3a37773bb087','f11ac6f6-61ba-4797-a3f6-f6d796f30786',553900,553900,83085,470815,55390,27695,160);
INSERT INTO hr.pay_slips (payroll_run_id,employee_id,base_salary_cents,total_earnings_cents,total_deductions_cents,net_pay_cents,income_tax_cents,social_security_cents,regular_hours) VALUES ('e592de7c-798e-4c90-8fa7-3a37773bb087','90bf0cb9-95fe-4b34-9fed-f8f51d701159',1017700,1017700,152655,865045,101770,50885,160);
INSERT INTO hr.pay_slips (payroll_run_id,employee_id,base_salary_cents,total_earnings_cents,total_deductions_cents,net_pay_cents,income_tax_cents,social_security_cents,regular_hours) VALUES ('e592de7c-798e-4c90-8fa7-3a37773bb087','b4ae6a78-8300-49a5-b7a4-0fffe314d69a',1195100,1195100,179265,1015835,119510,59755,160);
INSERT INTO hr.pay_slips (payroll_run_id,employee_id,base_salary_cents,total_earnings_cents,total_deductions_cents,net_pay_cents,income_tax_cents,social_security_cents,regular_hours) VALUES ('e592de7c-798e-4c90-8fa7-3a37773bb087','783fa4a6-072c-43ed-ac83-aece116d357a',1057700,1057700,158655,899045,105770,52885,160);
INSERT INTO hr.pay_slips (payroll_run_id,employee_id,base_salary_cents,total_earnings_cents,total_deductions_cents,net_pay_cents,income_tax_cents,social_security_cents,regular_hours) VALUES ('e592de7c-798e-4c90-8fa7-3a37773bb087','65812526-4d60-402f-995a-cc1c14126424',713200,713200,106980,606220,71320,35660,160);
INSERT INTO hr.pay_slips (payroll_run_id,employee_id,base_salary_cents,total_earnings_cents,total_deductions_cents,net_pay_cents,income_tax_cents,social_security_cents,regular_hours) VALUES ('e592de7c-798e-4c90-8fa7-3a37773bb087','5eb201d4-9a59-4ff7-a18b-65ac31908531',615000,615000,92250,522750,61500,30750,160);
INSERT INTO hr.pay_slips (payroll_run_id,employee_id,base_salary_cents,total_earnings_cents,total_deductions_cents,net_pay_cents,income_tax_cents,social_security_cents,regular_hours) VALUES ('e592de7c-798e-4c90-8fa7-3a37773bb087','04433270-d122-4d51-a4a9-cb0f9013ace3',412200,412200,61830,350370,41220,20610,160);
INSERT INTO hr.pay_slips (payroll_run_id,employee_id,base_salary_cents,total_earnings_cents,total_deductions_cents,net_pay_cents,income_tax_cents,social_security_cents,regular_hours) VALUES ('e592de7c-798e-4c90-8fa7-3a37773bb087','910e1495-3fab-4073-a5f0-77182c871495',445800,445800,66870,378930,44580,22290,160);
INSERT INTO hr.pay_slips (payroll_run_id,employee_id,base_salary_cents,total_earnings_cents,total_deductions_cents,net_pay_cents,income_tax_cents,social_security_cents,regular_hours) VALUES ('e592de7c-798e-4c90-8fa7-3a37773bb087','26205648-3a07-46de-b6c2-d10450f44a7d',997600,997600,149640,847960,99760,49880,160);
INSERT INTO hr.pay_slips (payroll_run_id,employee_id,base_salary_cents,total_earnings_cents,total_deductions_cents,net_pay_cents,income_tax_cents,social_security_cents,regular_hours) VALUES ('e592de7c-798e-4c90-8fa7-3a37773bb087','fa2af19d-a189-426f-a31e-511d28b04aa3',1163300,1163300,174495,988805,116330,58165,160);
INSERT INTO hr.pay_slips (payroll_run_id,employee_id,base_salary_cents,total_earnings_cents,total_deductions_cents,net_pay_cents,income_tax_cents,social_security_cents,regular_hours) VALUES ('e592de7c-798e-4c90-8fa7-3a37773bb087','2994f5a7-8be7-4d62-920c-ad60d6df64b0',771700,771700,115755,655945,77170,38585,160);
INSERT INTO hr.pay_slips (payroll_run_id,employee_id,base_salary_cents,total_earnings_cents,total_deductions_cents,net_pay_cents,income_tax_cents,social_security_cents,regular_hours) VALUES ('e592de7c-798e-4c90-8fa7-3a37773bb087','7324e404-36b5-4965-95ea-7ccf37ba05fd',1147600,1147600,172140,975460,114760,57380,160);
INSERT INTO hr.pay_slips (payroll_run_id,employee_id,base_salary_cents,total_earnings_cents,total_deductions_cents,net_pay_cents,income_tax_cents,social_security_cents,regular_hours) VALUES ('e592de7c-798e-4c90-8fa7-3a37773bb087','70c89ebc-97af-4e4e-b3dc-3fedea992313',913100,913100,136965,776135,91310,45655,160);
INSERT INTO hr.pay_slips (payroll_run_id,employee_id,base_salary_cents,total_earnings_cents,total_deductions_cents,net_pay_cents,income_tax_cents,social_security_cents,regular_hours) VALUES ('e592de7c-798e-4c90-8fa7-3a37773bb087','e2be72bb-9208-4b40-b865-07f46bbf22da',688900,688900,103335,585565,68890,34445,160);
INSERT INTO hr.pay_slips (payroll_run_id,employee_id,base_salary_cents,total_earnings_cents,total_deductions_cents,net_pay_cents,income_tax_cents,social_security_cents,regular_hours) VALUES ('e592de7c-798e-4c90-8fa7-3a37773bb087','4095860a-a26d-40bd-9902-de9930c24c63',673000,673000,100950,572050,67300,33650,160);
INSERT INTO hr.pay_slips (payroll_run_id,employee_id,base_salary_cents,total_earnings_cents,total_deductions_cents,net_pay_cents,income_tax_cents,social_security_cents,regular_hours) VALUES ('e592de7c-798e-4c90-8fa7-3a37773bb087','b8266cae-bc62-486a-9a26-366ec24011d5',787000,787000,118050,668950,78700,39350,160);
INSERT INTO hr.pay_slips (payroll_run_id,employee_id,base_salary_cents,total_earnings_cents,total_deductions_cents,net_pay_cents,income_tax_cents,social_security_cents,regular_hours) VALUES ('e592de7c-798e-4c90-8fa7-3a37773bb087','de504c1a-a4bc-4bfc-9581-c7938c4428e8',693900,693900,104085,589815,69390,34695,160);
INSERT INTO hr.pay_slips (payroll_run_id,employee_id,base_salary_cents,total_earnings_cents,total_deductions_cents,net_pay_cents,income_tax_cents,social_security_cents,regular_hours) VALUES ('e592de7c-798e-4c90-8fa7-3a37773bb087','51282ff8-202e-44f9-a759-0779119f91f0',418900,418900,62835,356065,41890,20945,160);
INSERT INTO hr.pay_slips (payroll_run_id,employee_id,base_salary_cents,total_earnings_cents,total_deductions_cents,net_pay_cents,income_tax_cents,social_security_cents,regular_hours) VALUES ('67c5b743-7dca-48e6-8da0-6968cc07a758','3f539300-6bc8-4562-b760-ad06f42fe242',772100,772100,115815,656285,77210,38605,160);
INSERT INTO hr.pay_slips (payroll_run_id,employee_id,base_salary_cents,total_earnings_cents,total_deductions_cents,net_pay_cents,income_tax_cents,social_security_cents,regular_hours) VALUES ('67c5b743-7dca-48e6-8da0-6968cc07a758','f9cf22ff-caeb-4082-aa93-98aedeca4a38',591900,591900,88785,503115,59190,29595,160);
INSERT INTO hr.pay_slips (payroll_run_id,employee_id,base_salary_cents,total_earnings_cents,total_deductions_cents,net_pay_cents,income_tax_cents,social_security_cents,regular_hours) VALUES ('67c5b743-7dca-48e6-8da0-6968cc07a758','b31bdf2a-88cf-445f-8166-6ba7f316f8cb',1130800,1130800,169620,961180,113080,56540,160);
INSERT INTO hr.pay_slips (payroll_run_id,employee_id,base_salary_cents,total_earnings_cents,total_deductions_cents,net_pay_cents,income_tax_cents,social_security_cents,regular_hours) VALUES ('67c5b743-7dca-48e6-8da0-6968cc07a758','f515d582-5593-44a3-b17d-072e57685b46',1186400,1186400,177960,1008440,118640,59320,160);
INSERT INTO hr.pay_slips (payroll_run_id,employee_id,base_salary_cents,total_earnings_cents,total_deductions_cents,net_pay_cents,income_tax_cents,social_security_cents,regular_hours) VALUES ('67c5b743-7dca-48e6-8da0-6968cc07a758','227177dd-7acb-4127-85d3-ade6e2093402',1014100,1014100,152115,861985,101410,50705,160);
INSERT INTO hr.pay_slips (payroll_run_id,employee_id,base_salary_cents,total_earnings_cents,total_deductions_cents,net_pay_cents,income_tax_cents,social_security_cents,regular_hours) VALUES ('67c5b743-7dca-48e6-8da0-6968cc07a758','7511ed5f-0dee-4117-b6ba-9a71972e79b9',1141100,1141100,171165,969935,114110,57055,160);
INSERT INTO hr.pay_slips (payroll_run_id,employee_id,base_salary_cents,total_earnings_cents,total_deductions_cents,net_pay_cents,income_tax_cents,social_security_cents,regular_hours) VALUES ('67c5b743-7dca-48e6-8da0-6968cc07a758','af15d1ba-a079-4400-ac57-015e5fe26265',1106200,1106200,165930,940270,110620,55310,160);
INSERT INTO hr.pay_slips (payroll_run_id,employee_id,base_salary_cents,total_earnings_cents,total_deductions_cents,net_pay_cents,income_tax_cents,social_security_cents,regular_hours) VALUES ('67c5b743-7dca-48e6-8da0-6968cc07a758','4970b504-7f90-4f3d-a5dd-7ddf75d2f26c',683700,683700,102555,581145,68370,34185,160);
INSERT INTO hr.pay_slips (payroll_run_id,employee_id,base_salary_cents,total_earnings_cents,total_deductions_cents,net_pay_cents,income_tax_cents,social_security_cents,regular_hours) VALUES ('67c5b743-7dca-48e6-8da0-6968cc07a758','68a31a6a-ec0e-4fac-a162-fecf029fc46a',795000,795000,119250,675750,79500,39750,160);
INSERT INTO hr.pay_slips (payroll_run_id,employee_id,base_salary_cents,total_earnings_cents,total_deductions_cents,net_pay_cents,income_tax_cents,social_security_cents,regular_hours) VALUES ('67c5b743-7dca-48e6-8da0-6968cc07a758','c50e4b71-4ff8-48fb-8ccc-3c756ee273de',787200,787200,118080,669120,78720,39360,160);
INSERT INTO hr.pay_slips (payroll_run_id,employee_id,base_salary_cents,total_earnings_cents,total_deductions_cents,net_pay_cents,income_tax_cents,social_security_cents,regular_hours) VALUES ('67c5b743-7dca-48e6-8da0-6968cc07a758','3673c158-eea6-43b0-a3c7-9f4255f50a5c',494600,494600,74190,420410,49460,24730,160);
INSERT INTO hr.pay_slips (payroll_run_id,employee_id,base_salary_cents,total_earnings_cents,total_deductions_cents,net_pay_cents,income_tax_cents,social_security_cents,regular_hours) VALUES ('67c5b743-7dca-48e6-8da0-6968cc07a758','7700dbf5-edd1-46c9-b4a3-7da8104531b9',670000,670000,100500,569500,67000,33500,160);
INSERT INTO hr.pay_slips (payroll_run_id,employee_id,base_salary_cents,total_earnings_cents,total_deductions_cents,net_pay_cents,income_tax_cents,social_security_cents,regular_hours) VALUES ('67c5b743-7dca-48e6-8da0-6968cc07a758','f11ac6f6-61ba-4797-a3f6-f6d796f30786',553900,553900,83085,470815,55390,27695,160);
INSERT INTO hr.pay_slips (payroll_run_id,employee_id,base_salary_cents,total_earnings_cents,total_deductions_cents,net_pay_cents,income_tax_cents,social_security_cents,regular_hours) VALUES ('67c5b743-7dca-48e6-8da0-6968cc07a758','90bf0cb9-95fe-4b34-9fed-f8f51d701159',1017700,1017700,152655,865045,101770,50885,160);
INSERT INTO hr.pay_slips (payroll_run_id,employee_id,base_salary_cents,total_earnings_cents,total_deductions_cents,net_pay_cents,income_tax_cents,social_security_cents,regular_hours) VALUES ('67c5b743-7dca-48e6-8da0-6968cc07a758','b4ae6a78-8300-49a5-b7a4-0fffe314d69a',1195100,1195100,179265,1015835,119510,59755,160);
INSERT INTO hr.pay_slips (payroll_run_id,employee_id,base_salary_cents,total_earnings_cents,total_deductions_cents,net_pay_cents,income_tax_cents,social_security_cents,regular_hours) VALUES ('67c5b743-7dca-48e6-8da0-6968cc07a758','783fa4a6-072c-43ed-ac83-aece116d357a',1057700,1057700,158655,899045,105770,52885,160);
INSERT INTO hr.pay_slips (payroll_run_id,employee_id,base_salary_cents,total_earnings_cents,total_deductions_cents,net_pay_cents,income_tax_cents,social_security_cents,regular_hours) VALUES ('67c5b743-7dca-48e6-8da0-6968cc07a758','65812526-4d60-402f-995a-cc1c14126424',713200,713200,106980,606220,71320,35660,160);
INSERT INTO hr.pay_slips (payroll_run_id,employee_id,base_salary_cents,total_earnings_cents,total_deductions_cents,net_pay_cents,income_tax_cents,social_security_cents,regular_hours) VALUES ('67c5b743-7dca-48e6-8da0-6968cc07a758','5eb201d4-9a59-4ff7-a18b-65ac31908531',615000,615000,92250,522750,61500,30750,160);
INSERT INTO hr.pay_slips (payroll_run_id,employee_id,base_salary_cents,total_earnings_cents,total_deductions_cents,net_pay_cents,income_tax_cents,social_security_cents,regular_hours) VALUES ('67c5b743-7dca-48e6-8da0-6968cc07a758','04433270-d122-4d51-a4a9-cb0f9013ace3',412200,412200,61830,350370,41220,20610,160);
INSERT INTO hr.pay_slips (payroll_run_id,employee_id,base_salary_cents,total_earnings_cents,total_deductions_cents,net_pay_cents,income_tax_cents,social_security_cents,regular_hours) VALUES ('67c5b743-7dca-48e6-8da0-6968cc07a758','910e1495-3fab-4073-a5f0-77182c871495',445800,445800,66870,378930,44580,22290,160);
INSERT INTO hr.pay_slips (payroll_run_id,employee_id,base_salary_cents,total_earnings_cents,total_deductions_cents,net_pay_cents,income_tax_cents,social_security_cents,regular_hours) VALUES ('67c5b743-7dca-48e6-8da0-6968cc07a758','26205648-3a07-46de-b6c2-d10450f44a7d',997600,997600,149640,847960,99760,49880,160);
INSERT INTO hr.pay_slips (payroll_run_id,employee_id,base_salary_cents,total_earnings_cents,total_deductions_cents,net_pay_cents,income_tax_cents,social_security_cents,regular_hours) VALUES ('67c5b743-7dca-48e6-8da0-6968cc07a758','fa2af19d-a189-426f-a31e-511d28b04aa3',1163300,1163300,174495,988805,116330,58165,160);
INSERT INTO hr.pay_slips (payroll_run_id,employee_id,base_salary_cents,total_earnings_cents,total_deductions_cents,net_pay_cents,income_tax_cents,social_security_cents,regular_hours) VALUES ('67c5b743-7dca-48e6-8da0-6968cc07a758','2994f5a7-8be7-4d62-920c-ad60d6df64b0',771700,771700,115755,655945,77170,38585,160);
INSERT INTO hr.pay_slips (payroll_run_id,employee_id,base_salary_cents,total_earnings_cents,total_deductions_cents,net_pay_cents,income_tax_cents,social_security_cents,regular_hours) VALUES ('67c5b743-7dca-48e6-8da0-6968cc07a758','7324e404-36b5-4965-95ea-7ccf37ba05fd',1147600,1147600,172140,975460,114760,57380,160);
INSERT INTO hr.pay_slips (payroll_run_id,employee_id,base_salary_cents,total_earnings_cents,total_deductions_cents,net_pay_cents,income_tax_cents,social_security_cents,regular_hours) VALUES ('67c5b743-7dca-48e6-8da0-6968cc07a758','70c89ebc-97af-4e4e-b3dc-3fedea992313',913100,913100,136965,776135,91310,45655,160);
INSERT INTO hr.pay_slips (payroll_run_id,employee_id,base_salary_cents,total_earnings_cents,total_deductions_cents,net_pay_cents,income_tax_cents,social_security_cents,regular_hours) VALUES ('67c5b743-7dca-48e6-8da0-6968cc07a758','e2be72bb-9208-4b40-b865-07f46bbf22da',688900,688900,103335,585565,68890,34445,160);
INSERT INTO hr.pay_slips (payroll_run_id,employee_id,base_salary_cents,total_earnings_cents,total_deductions_cents,net_pay_cents,income_tax_cents,social_security_cents,regular_hours) VALUES ('67c5b743-7dca-48e6-8da0-6968cc07a758','4095860a-a26d-40bd-9902-de9930c24c63',673000,673000,100950,572050,67300,33650,160);
INSERT INTO hr.pay_slips (payroll_run_id,employee_id,base_salary_cents,total_earnings_cents,total_deductions_cents,net_pay_cents,income_tax_cents,social_security_cents,regular_hours) VALUES ('67c5b743-7dca-48e6-8da0-6968cc07a758','b8266cae-bc62-486a-9a26-366ec24011d5',787000,787000,118050,668950,78700,39350,160);
INSERT INTO hr.pay_slips (payroll_run_id,employee_id,base_salary_cents,total_earnings_cents,total_deductions_cents,net_pay_cents,income_tax_cents,social_security_cents,regular_hours) VALUES ('67c5b743-7dca-48e6-8da0-6968cc07a758','de504c1a-a4bc-4bfc-9581-c7938c4428e8',693900,693900,104085,589815,69390,34695,160);
INSERT INTO hr.pay_slips (payroll_run_id,employee_id,base_salary_cents,total_earnings_cents,total_deductions_cents,net_pay_cents,income_tax_cents,social_security_cents,regular_hours) VALUES ('67c5b743-7dca-48e6-8da0-6968cc07a758','51282ff8-202e-44f9-a759-0779119f91f0',418900,418900,62835,356065,41890,20945,160);
INSERT INTO hr.pay_slips (payroll_run_id,employee_id,base_salary_cents,total_earnings_cents,total_deductions_cents,net_pay_cents,income_tax_cents,social_security_cents,regular_hours) VALUES ('f34e8cb2-98a4-4e49-9a0c-2790ca6895b5','3f539300-6bc8-4562-b760-ad06f42fe242',772100,772100,115815,656285,77210,38605,160);
INSERT INTO hr.pay_slips (payroll_run_id,employee_id,base_salary_cents,total_earnings_cents,total_deductions_cents,net_pay_cents,income_tax_cents,social_security_cents,regular_hours) VALUES ('f34e8cb2-98a4-4e49-9a0c-2790ca6895b5','f9cf22ff-caeb-4082-aa93-98aedeca4a38',591900,591900,88785,503115,59190,29595,160);
INSERT INTO hr.pay_slips (payroll_run_id,employee_id,base_salary_cents,total_earnings_cents,total_deductions_cents,net_pay_cents,income_tax_cents,social_security_cents,regular_hours) VALUES ('f34e8cb2-98a4-4e49-9a0c-2790ca6895b5','b31bdf2a-88cf-445f-8166-6ba7f316f8cb',1130800,1130800,169620,961180,113080,56540,160);
INSERT INTO hr.pay_slips (payroll_run_id,employee_id,base_salary_cents,total_earnings_cents,total_deductions_cents,net_pay_cents,income_tax_cents,social_security_cents,regular_hours) VALUES ('f34e8cb2-98a4-4e49-9a0c-2790ca6895b5','f515d582-5593-44a3-b17d-072e57685b46',1186400,1186400,177960,1008440,118640,59320,160);
INSERT INTO hr.pay_slips (payroll_run_id,employee_id,base_salary_cents,total_earnings_cents,total_deductions_cents,net_pay_cents,income_tax_cents,social_security_cents,regular_hours) VALUES ('f34e8cb2-98a4-4e49-9a0c-2790ca6895b5','227177dd-7acb-4127-85d3-ade6e2093402',1014100,1014100,152115,861985,101410,50705,160);
INSERT INTO hr.pay_slips (payroll_run_id,employee_id,base_salary_cents,total_earnings_cents,total_deductions_cents,net_pay_cents,income_tax_cents,social_security_cents,regular_hours) VALUES ('f34e8cb2-98a4-4e49-9a0c-2790ca6895b5','7511ed5f-0dee-4117-b6ba-9a71972e79b9',1141100,1141100,171165,969935,114110,57055,160);
INSERT INTO hr.pay_slips (payroll_run_id,employee_id,base_salary_cents,total_earnings_cents,total_deductions_cents,net_pay_cents,income_tax_cents,social_security_cents,regular_hours) VALUES ('f34e8cb2-98a4-4e49-9a0c-2790ca6895b5','af15d1ba-a079-4400-ac57-015e5fe26265',1106200,1106200,165930,940270,110620,55310,160);
INSERT INTO hr.pay_slips (payroll_run_id,employee_id,base_salary_cents,total_earnings_cents,total_deductions_cents,net_pay_cents,income_tax_cents,social_security_cents,regular_hours) VALUES ('f34e8cb2-98a4-4e49-9a0c-2790ca6895b5','4970b504-7f90-4f3d-a5dd-7ddf75d2f26c',683700,683700,102555,581145,68370,34185,160);
INSERT INTO hr.pay_slips (payroll_run_id,employee_id,base_salary_cents,total_earnings_cents,total_deductions_cents,net_pay_cents,income_tax_cents,social_security_cents,regular_hours) VALUES ('f34e8cb2-98a4-4e49-9a0c-2790ca6895b5','68a31a6a-ec0e-4fac-a162-fecf029fc46a',795000,795000,119250,675750,79500,39750,160);
INSERT INTO hr.pay_slips (payroll_run_id,employee_id,base_salary_cents,total_earnings_cents,total_deductions_cents,net_pay_cents,income_tax_cents,social_security_cents,regular_hours) VALUES ('f34e8cb2-98a4-4e49-9a0c-2790ca6895b5','c50e4b71-4ff8-48fb-8ccc-3c756ee273de',787200,787200,118080,669120,78720,39360,160);
INSERT INTO hr.pay_slips (payroll_run_id,employee_id,base_salary_cents,total_earnings_cents,total_deductions_cents,net_pay_cents,income_tax_cents,social_security_cents,regular_hours) VALUES ('f34e8cb2-98a4-4e49-9a0c-2790ca6895b5','3673c158-eea6-43b0-a3c7-9f4255f50a5c',494600,494600,74190,420410,49460,24730,160);
INSERT INTO hr.pay_slips (payroll_run_id,employee_id,base_salary_cents,total_earnings_cents,total_deductions_cents,net_pay_cents,income_tax_cents,social_security_cents,regular_hours) VALUES ('f34e8cb2-98a4-4e49-9a0c-2790ca6895b5','7700dbf5-edd1-46c9-b4a3-7da8104531b9',670000,670000,100500,569500,67000,33500,160);
INSERT INTO hr.pay_slips (payroll_run_id,employee_id,base_salary_cents,total_earnings_cents,total_deductions_cents,net_pay_cents,income_tax_cents,social_security_cents,regular_hours) VALUES ('f34e8cb2-98a4-4e49-9a0c-2790ca6895b5','f11ac6f6-61ba-4797-a3f6-f6d796f30786',553900,553900,83085,470815,55390,27695,160);
INSERT INTO hr.pay_slips (payroll_run_id,employee_id,base_salary_cents,total_earnings_cents,total_deductions_cents,net_pay_cents,income_tax_cents,social_security_cents,regular_hours) VALUES ('f34e8cb2-98a4-4e49-9a0c-2790ca6895b5','90bf0cb9-95fe-4b34-9fed-f8f51d701159',1017700,1017700,152655,865045,101770,50885,160);
INSERT INTO hr.pay_slips (payroll_run_id,employee_id,base_salary_cents,total_earnings_cents,total_deductions_cents,net_pay_cents,income_tax_cents,social_security_cents,regular_hours) VALUES ('f34e8cb2-98a4-4e49-9a0c-2790ca6895b5','b4ae6a78-8300-49a5-b7a4-0fffe314d69a',1195100,1195100,179265,1015835,119510,59755,160);
INSERT INTO hr.pay_slips (payroll_run_id,employee_id,base_salary_cents,total_earnings_cents,total_deductions_cents,net_pay_cents,income_tax_cents,social_security_cents,regular_hours) VALUES ('f34e8cb2-98a4-4e49-9a0c-2790ca6895b5','783fa4a6-072c-43ed-ac83-aece116d357a',1057700,1057700,158655,899045,105770,52885,160);
INSERT INTO hr.pay_slips (payroll_run_id,employee_id,base_salary_cents,total_earnings_cents,total_deductions_cents,net_pay_cents,income_tax_cents,social_security_cents,regular_hours) VALUES ('f34e8cb2-98a4-4e49-9a0c-2790ca6895b5','65812526-4d60-402f-995a-cc1c14126424',713200,713200,106980,606220,71320,35660,160);
INSERT INTO hr.pay_slips (payroll_run_id,employee_id,base_salary_cents,total_earnings_cents,total_deductions_cents,net_pay_cents,income_tax_cents,social_security_cents,regular_hours) VALUES ('f34e8cb2-98a4-4e49-9a0c-2790ca6895b5','5eb201d4-9a59-4ff7-a18b-65ac31908531',615000,615000,92250,522750,61500,30750,160);
INSERT INTO hr.pay_slips (payroll_run_id,employee_id,base_salary_cents,total_earnings_cents,total_deductions_cents,net_pay_cents,income_tax_cents,social_security_cents,regular_hours) VALUES ('f34e8cb2-98a4-4e49-9a0c-2790ca6895b5','04433270-d122-4d51-a4a9-cb0f9013ace3',412200,412200,61830,350370,41220,20610,160);
INSERT INTO hr.pay_slips (payroll_run_id,employee_id,base_salary_cents,total_earnings_cents,total_deductions_cents,net_pay_cents,income_tax_cents,social_security_cents,regular_hours) VALUES ('f34e8cb2-98a4-4e49-9a0c-2790ca6895b5','910e1495-3fab-4073-a5f0-77182c871495',445800,445800,66870,378930,44580,22290,160);
INSERT INTO hr.pay_slips (payroll_run_id,employee_id,base_salary_cents,total_earnings_cents,total_deductions_cents,net_pay_cents,income_tax_cents,social_security_cents,regular_hours) VALUES ('f34e8cb2-98a4-4e49-9a0c-2790ca6895b5','26205648-3a07-46de-b6c2-d10450f44a7d',997600,997600,149640,847960,99760,49880,160);
INSERT INTO hr.pay_slips (payroll_run_id,employee_id,base_salary_cents,total_earnings_cents,total_deductions_cents,net_pay_cents,income_tax_cents,social_security_cents,regular_hours) VALUES ('f34e8cb2-98a4-4e49-9a0c-2790ca6895b5','fa2af19d-a189-426f-a31e-511d28b04aa3',1163300,1163300,174495,988805,116330,58165,160);
INSERT INTO hr.pay_slips (payroll_run_id,employee_id,base_salary_cents,total_earnings_cents,total_deductions_cents,net_pay_cents,income_tax_cents,social_security_cents,regular_hours) VALUES ('f34e8cb2-98a4-4e49-9a0c-2790ca6895b5','2994f5a7-8be7-4d62-920c-ad60d6df64b0',771700,771700,115755,655945,77170,38585,160);
INSERT INTO hr.pay_slips (payroll_run_id,employee_id,base_salary_cents,total_earnings_cents,total_deductions_cents,net_pay_cents,income_tax_cents,social_security_cents,regular_hours) VALUES ('f34e8cb2-98a4-4e49-9a0c-2790ca6895b5','7324e404-36b5-4965-95ea-7ccf37ba05fd',1147600,1147600,172140,975460,114760,57380,160);
INSERT INTO hr.pay_slips (payroll_run_id,employee_id,base_salary_cents,total_earnings_cents,total_deductions_cents,net_pay_cents,income_tax_cents,social_security_cents,regular_hours) VALUES ('f34e8cb2-98a4-4e49-9a0c-2790ca6895b5','70c89ebc-97af-4e4e-b3dc-3fedea992313',913100,913100,136965,776135,91310,45655,160);
INSERT INTO hr.pay_slips (payroll_run_id,employee_id,base_salary_cents,total_earnings_cents,total_deductions_cents,net_pay_cents,income_tax_cents,social_security_cents,regular_hours) VALUES ('f34e8cb2-98a4-4e49-9a0c-2790ca6895b5','e2be72bb-9208-4b40-b865-07f46bbf22da',688900,688900,103335,585565,68890,34445,160);
INSERT INTO hr.pay_slips (payroll_run_id,employee_id,base_salary_cents,total_earnings_cents,total_deductions_cents,net_pay_cents,income_tax_cents,social_security_cents,regular_hours) VALUES ('f34e8cb2-98a4-4e49-9a0c-2790ca6895b5','4095860a-a26d-40bd-9902-de9930c24c63',673000,673000,100950,572050,67300,33650,160);
INSERT INTO hr.pay_slips (payroll_run_id,employee_id,base_salary_cents,total_earnings_cents,total_deductions_cents,net_pay_cents,income_tax_cents,social_security_cents,regular_hours) VALUES ('f34e8cb2-98a4-4e49-9a0c-2790ca6895b5','b8266cae-bc62-486a-9a26-366ec24011d5',787000,787000,118050,668950,78700,39350,160);
INSERT INTO hr.pay_slips (payroll_run_id,employee_id,base_salary_cents,total_earnings_cents,total_deductions_cents,net_pay_cents,income_tax_cents,social_security_cents,regular_hours) VALUES ('f34e8cb2-98a4-4e49-9a0c-2790ca6895b5','de504c1a-a4bc-4bfc-9581-c7938c4428e8',693900,693900,104085,589815,69390,34695,160);
INSERT INTO hr.pay_slips (payroll_run_id,employee_id,base_salary_cents,total_earnings_cents,total_deductions_cents,net_pay_cents,income_tax_cents,social_security_cents,regular_hours) VALUES ('f34e8cb2-98a4-4e49-9a0c-2790ca6895b5','51282ff8-202e-44f9-a759-0779119f91f0',418900,418900,62835,356065,41890,20945,160);
INSERT INTO inventory.categories (id,name) VALUES ('3aed907a-3b43-48e5-8fc2-1da3c4668b51','Electronics');
INSERT INTO inventory.categories (id,name) VALUES ('cb7908fe-8f89-4faa-b7e6-e92fa2cfe75e','Furniture');
INSERT INTO inventory.categories (id,name) VALUES ('467a9382-264b-49f5-94ec-0b564e6183c4','Office Supplies');
INSERT INTO inventory.categories (id,name) VALUES ('ec5d019f-57bf-48fb-9aba-adec6fcf3d13','Raw Materials');
INSERT INTO inventory.categories (id,name) VALUES ('e175fc8d-d4fa-409f-8c97-58c2f6eef29d','Packaging');
INSERT INTO inventory.categories (id,name) VALUES ('04efe2f6-3eb0-497b-9d72-14b9e6f61a9c','Software Licenses');
INSERT INTO inventory.warehouses (id,code,name,city,status,capacity_units) VALUES ('cd98c7c4-37d0-42db-ae42-b948220f9da6','WH-MAIN','Main Warehouse','Bangkok','ACTIVE',10000);
INSERT INTO inventory.warehouses (id,code,name,city,status,capacity_units) VALUES ('803e1cb3-62e2-4707-afff-552694164cfb','WH-NORTH','North Hub','Chiang Mai','ACTIVE',10000);
INSERT INTO inventory.warehouses (id,code,name,city,status,capacity_units) VALUES ('cde81aa9-00c4-48a4-aa00-39a9c4221550','WH-SOUTH','South Hub','Hat Yai','ACTIVE',10000);
INSERT INTO inventory.products (id,sku,name,category_id,unit_cost_cents,selling_price_cents,status,reorder_point,reorder_quantity) VALUES ('0b2bf494-0b72-4494-8b9b-55a1961dff53','LAP-001','Laptop Pro 15','e175fc8d-d4fa-409f-8c97-58c2f6eef29d',120000,150000,'ACTIVE',6,133);
INSERT INTO inventory.products (id,sku,name,category_id,unit_cost_cents,selling_price_cents,status,reorder_point,reorder_quantity) VALUES ('ad6f34a5-8990-48d7-94cb-18a51ec87efc','MON-001','27in 4K Monitor','04efe2f6-3eb0-497b-9d72-14b9e6f61a9c',35000,45000,'ACTIVE',15,103);
INSERT INTO inventory.products (id,sku,name,category_id,unit_cost_cents,selling_price_cents,status,reorder_point,reorder_quantity) VALUES ('2a51ce5c-bc42-4eba-88dc-a15052d36279','KEY-001','Mechanical Keyboard','e175fc8d-d4fa-409f-8c97-58c2f6eef29d',8000,12000,'ACTIVE',5,119);
INSERT INTO inventory.products (id,sku,name,category_id,unit_cost_cents,selling_price_cents,status,reorder_point,reorder_quantity) VALUES ('2a3f0e07-d585-4f33-a33c-3c727ba9388c','MOU-001','Wireless Mouse','ec5d019f-57bf-48fb-9aba-adec6fcf3d13',2500,4000,'ACTIVE',18,171);
INSERT INTO inventory.products (id,sku,name,category_id,unit_cost_cents,selling_price_cents,status,reorder_point,reorder_quantity) VALUES ('46fc3e3e-c5f5-48fd-b12c-cb9f06ab6e82','DSK-001','Standing Desk','467a9382-264b-49f5-94ec-0b564e6183c4',45000,65000,'ACTIVE',14,129);
INSERT INTO inventory.products (id,sku,name,category_id,unit_cost_cents,selling_price_cents,status,reorder_point,reorder_quantity) VALUES ('41858678-9032-4938-985c-b13a33c966b9','CHR-001','Ergonomic Chair','467a9382-264b-49f5-94ec-0b564e6183c4',38000,55000,'ACTIVE',12,121);
INSERT INTO inventory.products (id,sku,name,category_id,unit_cost_cents,selling_price_cents,status,reorder_point,reorder_quantity) VALUES ('9929afac-0d7b-46dd-a320-9b4ab3ce645b','PAP-001','A4 Paper Ream','04efe2f6-3eb0-497b-9d72-14b9e6f61a9c',300,500,'ACTIVE',12,60);
INSERT INTO inventory.products (id,sku,name,category_id,unit_cost_cents,selling_price_cents,status,reorder_point,reorder_quantity) VALUES ('45c599b0-b293-4863-8b21-8fa938b64673','PEN-001','Ballpoint Pen Box','cb7908fe-8f89-4faa-b7e6-e92fa2cfe75e',150,300,'ACTIVE',19,117);
INSERT INTO inventory.products (id,sku,name,category_id,unit_cost_cents,selling_price_cents,status,reorder_point,reorder_quantity) VALUES ('2e99cf51-e779-4f05-a8dd-f4d0e8b149d7','CAB-001','Cat6 Cable 10m','04efe2f6-3eb0-497b-9d72-14b9e6f61a9c',800,1500,'ACTIVE',12,149);
INSERT INTO inventory.products (id,sku,name,category_id,unit_cost_cents,selling_price_cents,status,reorder_point,reorder_quantity) VALUES ('5bfe05d3-087d-4bd5-b092-e105ac5764fb','SSD-001','1TB NVMe SSD','467a9382-264b-49f5-94ec-0b564e6183c4',9000,13000,'ACTIVE',19,158);
INSERT INTO inventory.products (id,sku,name,category_id,unit_cost_cents,selling_price_cents,status,reorder_point,reorder_quantity) VALUES ('1a6cd4ff-1225-4691-86de-ae98e3e7254c','RAM-001','32GB DDR5 Kit','cb7908fe-8f89-4faa-b7e6-e92fa2cfe75e',12000,18000,'ACTIVE',16,136);
INSERT INTO inventory.products (id,sku,name,category_id,unit_cost_cents,selling_price_cents,status,reorder_point,reorder_quantity) VALUES ('9a0791fc-0d59-4486-b77e-3d4b7fea906d','HUB-001','USB-C Hub 7in1','ec5d019f-57bf-48fb-9aba-adec6fcf3d13',3000,5000,'ACTIVE',11,193);
INSERT INTO inventory.products (id,sku,name,category_id,unit_cost_cents,selling_price_cents,status,reorder_point,reorder_quantity) VALUES ('cfebfdba-5467-41dc-9e71-df7885233dae','WBC-001','HD Webcam','467a9382-264b-49f5-94ec-0b564e6183c4',4500,7000,'ACTIVE',14,181);
INSERT INTO inventory.products (id,sku,name,category_id,unit_cost_cents,selling_price_cents,status,reorder_point,reorder_quantity) VALUES ('362804b4-b62d-45d0-8508-0c94c9396441','HST-001','USB Headset','3aed907a-3b43-48e5-8fc2-1da3c4668b51',3500,5500,'ACTIVE',13,134);
INSERT INTO inventory.products (id,sku,name,category_id,unit_cost_cents,selling_price_cents,status,reorder_point,reorder_quantity) VALUES ('99c4baa4-4eec-441d-923b-db352ec5cb99','UPS-001','1500VA UPS','04efe2f6-3eb0-497b-9d72-14b9e6f61a9c',15000,22000,'ACTIVE',6,127);
INSERT INTO inventory.stock_levels (product_id,warehouse_id,quantity_on_hand,quantity_reserved,bin_location) VALUES ('0b2bf494-0b72-4494-8b9b-55a1961dff53','cd98c7c4-37d0-42db-ae42-b948220f9da6',107,12,'A-2-3');
INSERT INTO inventory.stock_levels (product_id,warehouse_id,quantity_on_hand,quantity_reserved,bin_location) VALUES ('0b2bf494-0b72-4494-8b9b-55a1961dff53','803e1cb3-62e2-4707-afff-552694164cfb',482,14,'A-5-1');
INSERT INTO inventory.stock_levels (product_id,warehouse_id,quantity_on_hand,quantity_reserved,bin_location) VALUES ('0b2bf494-0b72-4494-8b9b-55a1961dff53','cde81aa9-00c4-48a4-aa00-39a9c4221550',393,1,'A-2-1');
INSERT INTO inventory.stock_levels (product_id,warehouse_id,quantity_on_hand,quantity_reserved,bin_location) VALUES ('ad6f34a5-8990-48d7-94cb-18a51ec87efc','cd98c7c4-37d0-42db-ae42-b948220f9da6',142,19,'A-1-3');
INSERT INTO inventory.stock_levels (product_id,warehouse_id,quantity_on_hand,quantity_reserved,bin_location) VALUES ('ad6f34a5-8990-48d7-94cb-18a51ec87efc','803e1cb3-62e2-4707-afff-552694164cfb',146,3,'A-2-1');
INSERT INTO inventory.stock_levels (product_id,warehouse_id,quantity_on_hand,quantity_reserved,bin_location) VALUES ('ad6f34a5-8990-48d7-94cb-18a51ec87efc','cde81aa9-00c4-48a4-aa00-39a9c4221550',116,11,'A-1-3');
INSERT INTO inventory.stock_levels (product_id,warehouse_id,quantity_on_hand,quantity_reserved,bin_location) VALUES ('2a51ce5c-bc42-4eba-88dc-a15052d36279','cd98c7c4-37d0-42db-ae42-b948220f9da6',17,11,'A-5-4');
INSERT INTO inventory.stock_levels (product_id,warehouse_id,quantity_on_hand,quantity_reserved,bin_location) VALUES ('2a51ce5c-bc42-4eba-88dc-a15052d36279','803e1cb3-62e2-4707-afff-552694164cfb',64,19,'A-5-3');
INSERT INTO inventory.stock_levels (product_id,warehouse_id,quantity_on_hand,quantity_reserved,bin_location) VALUES ('2a51ce5c-bc42-4eba-88dc-a15052d36279','cde81aa9-00c4-48a4-aa00-39a9c4221550',111,16,'A-6-2');
INSERT INTO inventory.stock_levels (product_id,warehouse_id,quantity_on_hand,quantity_reserved,bin_location) VALUES ('2a3f0e07-d585-4f33-a33c-3c727ba9388c','cd98c7c4-37d0-42db-ae42-b948220f9da6',128,1,'A-2-4');
INSERT INTO inventory.stock_levels (product_id,warehouse_id,quantity_on_hand,quantity_reserved,bin_location) VALUES ('2a3f0e07-d585-4f33-a33c-3c727ba9388c','803e1cb3-62e2-4707-afff-552694164cfb',85,11,'A-7-4');
INSERT INTO inventory.stock_levels (product_id,warehouse_id,quantity_on_hand,quantity_reserved,bin_location) VALUES ('2a3f0e07-d585-4f33-a33c-3c727ba9388c','cde81aa9-00c4-48a4-aa00-39a9c4221550',226,6,'A-8-5');
INSERT INTO inventory.stock_levels (product_id,warehouse_id,quantity_on_hand,quantity_reserved,bin_location) VALUES ('46fc3e3e-c5f5-48fd-b12c-cb9f06ab6e82','cd98c7c4-37d0-42db-ae42-b948220f9da6',48,12,'A-7-3');
INSERT INTO inventory.stock_levels (product_id,warehouse_id,quantity_on_hand,quantity_reserved,bin_location) VALUES ('46fc3e3e-c5f5-48fd-b12c-cb9f06ab6e82','803e1cb3-62e2-4707-afff-552694164cfb',160,6,'A-6-2');
INSERT INTO inventory.stock_levels (product_id,warehouse_id,quantity_on_hand,quantity_reserved,bin_location) VALUES ('46fc3e3e-c5f5-48fd-b12c-cb9f06ab6e82','cde81aa9-00c4-48a4-aa00-39a9c4221550',148,19,'A-8-3');
INSERT INTO inventory.stock_levels (product_id,warehouse_id,quantity_on_hand,quantity_reserved,bin_location) VALUES ('41858678-9032-4938-985c-b13a33c966b9','cd98c7c4-37d0-42db-ae42-b948220f9da6',317,8,'A-4-4');
INSERT INTO inventory.stock_levels (product_id,warehouse_id,quantity_on_hand,quantity_reserved,bin_location) VALUES ('41858678-9032-4938-985c-b13a33c966b9','803e1cb3-62e2-4707-afff-552694164cfb',113,9,'A-2-3');
INSERT INTO inventory.stock_levels (product_id,warehouse_id,quantity_on_hand,quantity_reserved,bin_location) VALUES ('41858678-9032-4938-985c-b13a33c966b9','cde81aa9-00c4-48a4-aa00-39a9c4221550',321,8,'A-8-2');
INSERT INTO inventory.stock_levels (product_id,warehouse_id,quantity_on_hand,quantity_reserved,bin_location) VALUES ('9929afac-0d7b-46dd-a320-9b4ab3ce645b','cd98c7c4-37d0-42db-ae42-b948220f9da6',160,15,'A-1-3');
INSERT INTO inventory.stock_levels (product_id,warehouse_id,quantity_on_hand,quantity_reserved,bin_location) VALUES ('9929afac-0d7b-46dd-a320-9b4ab3ce645b','803e1cb3-62e2-4707-afff-552694164cfb',363,3,'A-1-5');
INSERT INTO inventory.stock_levels (product_id,warehouse_id,quantity_on_hand,quantity_reserved,bin_location) VALUES ('9929afac-0d7b-46dd-a320-9b4ab3ce645b','cde81aa9-00c4-48a4-aa00-39a9c4221550',211,14,'A-2-4');
INSERT INTO inventory.stock_levels (product_id,warehouse_id,quantity_on_hand,quantity_reserved,bin_location) VALUES ('45c599b0-b293-4863-8b21-8fa938b64673','cd98c7c4-37d0-42db-ae42-b948220f9da6',193,14,'A-2-2');
INSERT INTO inventory.stock_levels (product_id,warehouse_id,quantity_on_hand,quantity_reserved,bin_location) VALUES ('45c599b0-b293-4863-8b21-8fa938b64673','803e1cb3-62e2-4707-afff-552694164cfb',118,16,'A-1-4');
INSERT INTO inventory.stock_levels (product_id,warehouse_id,quantity_on_hand,quantity_reserved,bin_location) VALUES ('45c599b0-b293-4863-8b21-8fa938b64673','cde81aa9-00c4-48a4-aa00-39a9c4221550',236,20,'A-2-5');
INSERT INTO inventory.stock_levels (product_id,warehouse_id,quantity_on_hand,quantity_reserved,bin_location) VALUES ('2e99cf51-e779-4f05-a8dd-f4d0e8b149d7','cd98c7c4-37d0-42db-ae42-b948220f9da6',407,16,'A-9-1');
INSERT INTO inventory.stock_levels (product_id,warehouse_id,quantity_on_hand,quantity_reserved,bin_location) VALUES ('2e99cf51-e779-4f05-a8dd-f4d0e8b149d7','803e1cb3-62e2-4707-afff-552694164cfb',58,4,'A-10-1');
INSERT INTO inventory.stock_levels (product_id,warehouse_id,quantity_on_hand,quantity_reserved,bin_location) VALUES ('2e99cf51-e779-4f05-a8dd-f4d0e8b149d7','cde81aa9-00c4-48a4-aa00-39a9c4221550',299,16,'A-2-1');
INSERT INTO inventory.stock_levels (product_id,warehouse_id,quantity_on_hand,quantity_reserved,bin_location) VALUES ('5bfe05d3-087d-4bd5-b092-e105ac5764fb','cd98c7c4-37d0-42db-ae42-b948220f9da6',434,0,'A-2-3');
INSERT INTO inventory.stock_levels (product_id,warehouse_id,quantity_on_hand,quantity_reserved,bin_location) VALUES ('5bfe05d3-087d-4bd5-b092-e105ac5764fb','803e1cb3-62e2-4707-afff-552694164cfb',247,16,'A-1-2');
INSERT INTO inventory.stock_levels (product_id,warehouse_id,quantity_on_hand,quantity_reserved,bin_location) VALUES ('5bfe05d3-087d-4bd5-b092-e105ac5764fb','cde81aa9-00c4-48a4-aa00-39a9c4221550',217,9,'A-6-2');
INSERT INTO inventory.stock_levels (product_id,warehouse_id,quantity_on_hand,quantity_reserved,bin_location) VALUES ('1a6cd4ff-1225-4691-86de-ae98e3e7254c','cd98c7c4-37d0-42db-ae42-b948220f9da6',486,12,'A-3-3');
INSERT INTO inventory.stock_levels (product_id,warehouse_id,quantity_on_hand,quantity_reserved,bin_location) VALUES ('1a6cd4ff-1225-4691-86de-ae98e3e7254c','803e1cb3-62e2-4707-afff-552694164cfb',135,2,'A-4-4');
INSERT INTO inventory.stock_levels (product_id,warehouse_id,quantity_on_hand,quantity_reserved,bin_location) VALUES ('1a6cd4ff-1225-4691-86de-ae98e3e7254c','cde81aa9-00c4-48a4-aa00-39a9c4221550',282,14,'A-10-1');
INSERT INTO inventory.stock_levels (product_id,warehouse_id,quantity_on_hand,quantity_reserved,bin_location) VALUES ('9a0791fc-0d59-4486-b77e-3d4b7fea906d','cd98c7c4-37d0-42db-ae42-b948220f9da6',70,15,'A-9-4');
INSERT INTO inventory.stock_levels (product_id,warehouse_id,quantity_on_hand,quantity_reserved,bin_location) VALUES ('9a0791fc-0d59-4486-b77e-3d4b7fea906d','803e1cb3-62e2-4707-afff-552694164cfb',118,8,'A-5-3');
INSERT INTO inventory.stock_levels (product_id,warehouse_id,quantity_on_hand,quantity_reserved,bin_location) VALUES ('9a0791fc-0d59-4486-b77e-3d4b7fea906d','cde81aa9-00c4-48a4-aa00-39a9c4221550',159,4,'A-8-1');
INSERT INTO inventory.stock_levels (product_id,warehouse_id,quantity_on_hand,quantity_reserved,bin_location) VALUES ('cfebfdba-5467-41dc-9e71-df7885233dae','cd98c7c4-37d0-42db-ae42-b948220f9da6',165,1,'A-2-4');
INSERT INTO inventory.stock_levels (product_id,warehouse_id,quantity_on_hand,quantity_reserved,bin_location) VALUES ('cfebfdba-5467-41dc-9e71-df7885233dae','803e1cb3-62e2-4707-afff-552694164cfb',397,11,'A-1-3');
INSERT INTO inventory.stock_levels (product_id,warehouse_id,quantity_on_hand,quantity_reserved,bin_location) VALUES ('cfebfdba-5467-41dc-9e71-df7885233dae','cde81aa9-00c4-48a4-aa00-39a9c4221550',495,18,'A-8-5');
INSERT INTO inventory.stock_levels (product_id,warehouse_id,quantity_on_hand,quantity_reserved,bin_location) VALUES ('362804b4-b62d-45d0-8508-0c94c9396441','cd98c7c4-37d0-42db-ae42-b948220f9da6',371,6,'A-9-1');
INSERT INTO inventory.stock_levels (product_id,warehouse_id,quantity_on_hand,quantity_reserved,bin_location) VALUES ('362804b4-b62d-45d0-8508-0c94c9396441','803e1cb3-62e2-4707-afff-552694164cfb',199,17,'A-7-4');
INSERT INTO inventory.stock_levels (product_id,warehouse_id,quantity_on_hand,quantity_reserved,bin_location) VALUES ('362804b4-b62d-45d0-8508-0c94c9396441','cde81aa9-00c4-48a4-aa00-39a9c4221550',267,11,'A-2-3');
INSERT INTO inventory.stock_levels (product_id,warehouse_id,quantity_on_hand,quantity_reserved,bin_location) VALUES ('99c4baa4-4eec-441d-923b-db352ec5cb99','cd98c7c4-37d0-42db-ae42-b948220f9da6',477,7,'A-6-4');
INSERT INTO inventory.stock_levels (product_id,warehouse_id,quantity_on_hand,quantity_reserved,bin_location) VALUES ('99c4baa4-4eec-441d-923b-db352ec5cb99','803e1cb3-62e2-4707-afff-552694164cfb',461,10,'A-5-1');
INSERT INTO inventory.stock_levels (product_id,warehouse_id,quantity_on_hand,quantity_reserved,bin_location) VALUES ('99c4baa4-4eec-441d-923b-db352ec5cb99','cde81aa9-00c4-48a4-aa00-39a9c4221550',19,4,'A-4-2');
INSERT INTO inventory.stock_movements (product_id,warehouse_id,reason,quantity_change,quantity_before,quantity_after,reference_id,created_at) VALUES ('46fc3e3e-c5f5-48fd-b12c-cb9f06ab6e82','cd98c7c4-37d0-42db-ae42-b948220f9da6','ADJUSTMENT',-10,69,59,'REF-1921',NOW()-interval '45 days');
INSERT INTO inventory.stock_movements (product_id,warehouse_id,reason,quantity_change,quantity_before,quantity_after,reference_id,created_at) VALUES ('ad6f34a5-8990-48d7-94cb-18a51ec87efc','cde81aa9-00c4-48a4-aa00-39a9c4221550','SALE',-5,295,290,'REF-5364',NOW()-interval '35 days');
INSERT INTO inventory.stock_movements (product_id,warehouse_id,reason,quantity_change,quantity_before,quantity_after,reference_id,created_at) VALUES ('9929afac-0d7b-46dd-a320-9b4ab3ce645b','cd98c7c4-37d0-42db-ae42-b948220f9da6','SALE',-10,95,85,'REF-2127',NOW()-interval '17 days');
INSERT INTO inventory.stock_movements (product_id,warehouse_id,reason,quantity_change,quantity_before,quantity_after,reference_id,created_at) VALUES ('2e99cf51-e779-4f05-a8dd-f4d0e8b149d7','803e1cb3-62e2-4707-afff-552694164cfb','SALE',-5,248,243,'REF-9532',NOW()-interval '14 days');
INSERT INTO inventory.stock_movements (product_id,warehouse_id,reason,quantity_change,quantity_before,quantity_after,reference_id,created_at) VALUES ('2a51ce5c-bc42-4eba-88dc-a15052d36279','cde81aa9-00c4-48a4-aa00-39a9c4221550','TRANSFER',-5,179,174,'REF-6825',NOW()-interval '24 days');
INSERT INTO inventory.stock_movements (product_id,warehouse_id,reason,quantity_change,quantity_before,quantity_after,reference_id,created_at) VALUES ('ad6f34a5-8990-48d7-94cb-18a51ec87efc','cd98c7c4-37d0-42db-ae42-b948220f9da6','PURCHASE',20,243,263,'REF-3561',NOW()-interval '9 days');
INSERT INTO inventory.stock_movements (product_id,warehouse_id,reason,quantity_change,quantity_before,quantity_after,reference_id,created_at) VALUES ('0b2bf494-0b72-4494-8b9b-55a1961dff53','cde81aa9-00c4-48a4-aa00-39a9c4221550','ADJUSTMENT',-10,72,62,'REF-8225',NOW()-interval '33 days');
INSERT INTO inventory.stock_movements (product_id,warehouse_id,reason,quantity_change,quantity_before,quantity_after,reference_id,created_at) VALUES ('41858678-9032-4938-985c-b13a33c966b9','cd98c7c4-37d0-42db-ae42-b948220f9da6','ADJUSTMENT',20,205,225,'REF-7117',NOW()-interval '32 days');
INSERT INTO inventory.stock_movements (product_id,warehouse_id,reason,quantity_change,quantity_before,quantity_after,reference_id,created_at) VALUES ('46fc3e3e-c5f5-48fd-b12c-cb9f06ab6e82','cd98c7c4-37d0-42db-ae42-b948220f9da6','PURCHASE',-10,172,162,'REF-8414',NOW()-interval '17 days');
INSERT INTO inventory.stock_movements (product_id,warehouse_id,reason,quantity_change,quantity_before,quantity_after,reference_id,created_at) VALUES ('45c599b0-b293-4863-8b21-8fa938b64673','cde81aa9-00c4-48a4-aa00-39a9c4221550','SALE',50,134,184,'REF-2594',NOW()-interval '0 days');
INSERT INTO inventory.stock_movements (product_id,warehouse_id,reason,quantity_change,quantity_before,quantity_after,reference_id,created_at) VALUES ('99c4baa4-4eec-441d-923b-db352ec5cb99','803e1cb3-62e2-4707-afff-552694164cfb','SALE',-10,126,116,'REF-5285',NOW()-interval '52 days');
INSERT INTO inventory.stock_movements (product_id,warehouse_id,reason,quantity_change,quantity_before,quantity_after,reference_id,created_at) VALUES ('362804b4-b62d-45d0-8508-0c94c9396441','803e1cb3-62e2-4707-afff-552694164cfb','SALE',-10,101,91,'REF-8972',NOW()-interval '22 days');
INSERT INTO inventory.stock_movements (product_id,warehouse_id,reason,quantity_change,quantity_before,quantity_after,reference_id,created_at) VALUES ('2e99cf51-e779-4f05-a8dd-f4d0e8b149d7','803e1cb3-62e2-4707-afff-552694164cfb','TRANSFER',20,80,100,'REF-4612',NOW()-interval '38 days');
INSERT INTO inventory.stock_movements (product_id,warehouse_id,reason,quantity_change,quantity_before,quantity_after,reference_id,created_at) VALUES ('2a51ce5c-bc42-4eba-88dc-a15052d36279','cd98c7c4-37d0-42db-ae42-b948220f9da6','PURCHASE',20,300,320,'REF-8402',NOW()-interval '2 days');
INSERT INTO inventory.stock_movements (product_id,warehouse_id,reason,quantity_change,quantity_before,quantity_after,reference_id,created_at) VALUES ('9a0791fc-0d59-4486-b77e-3d4b7fea906d','803e1cb3-62e2-4707-afff-552694164cfb','ADJUSTMENT',-5,288,283,'REF-8998',NOW()-interval '53 days');
INSERT INTO inventory.stock_movements (product_id,warehouse_id,reason,quantity_change,quantity_before,quantity_after,reference_id,created_at) VALUES ('cfebfdba-5467-41dc-9e71-df7885233dae','803e1cb3-62e2-4707-afff-552694164cfb','SALE',100,135,235,'REF-9405',NOW()-interval '13 days');
INSERT INTO inventory.stock_movements (product_id,warehouse_id,reason,quantity_change,quantity_before,quantity_after,reference_id,created_at) VALUES ('46fc3e3e-c5f5-48fd-b12c-cb9f06ab6e82','cde81aa9-00c4-48a4-aa00-39a9c4221550','ADJUSTMENT',-5,85,80,'REF-9638',NOW()-interval '24 days');
INSERT INTO inventory.stock_movements (product_id,warehouse_id,reason,quantity_change,quantity_before,quantity_after,reference_id,created_at) VALUES ('2a51ce5c-bc42-4eba-88dc-a15052d36279','cd98c7c4-37d0-42db-ae42-b948220f9da6','ADJUSTMENT',20,280,300,'REF-6444',NOW()-interval '22 days');
INSERT INTO inventory.stock_movements (product_id,warehouse_id,reason,quantity_change,quantity_before,quantity_after,reference_id,created_at) VALUES ('99c4baa4-4eec-441d-923b-db352ec5cb99','803e1cb3-62e2-4707-afff-552694164cfb','TRANSFER',50,201,251,'REF-7763',NOW()-interval '60 days');
INSERT INTO inventory.stock_movements (product_id,warehouse_id,reason,quantity_change,quantity_before,quantity_after,reference_id,created_at) VALUES ('9929afac-0d7b-46dd-a320-9b4ab3ce645b','803e1cb3-62e2-4707-afff-552694164cfb','PURCHASE',100,61,161,'REF-6289',NOW()-interval '12 days');
INSERT INTO inventory.stock_movements (product_id,warehouse_id,reason,quantity_change,quantity_before,quantity_after,reference_id,created_at) VALUES ('99c4baa4-4eec-441d-923b-db352ec5cb99','803e1cb3-62e2-4707-afff-552694164cfb','PURCHASE',20,51,71,'REF-7201',NOW()-interval '8 days');
INSERT INTO inventory.stock_movements (product_id,warehouse_id,reason,quantity_change,quantity_before,quantity_after,reference_id,created_at) VALUES ('2a3f0e07-d585-4f33-a33c-3c727ba9388c','cde81aa9-00c4-48a4-aa00-39a9c4221550','PURCHASE',-10,249,239,'REF-7568',NOW()-interval '24 days');
INSERT INTO inventory.stock_movements (product_id,warehouse_id,reason,quantity_change,quantity_before,quantity_after,reference_id,created_at) VALUES ('46fc3e3e-c5f5-48fd-b12c-cb9f06ab6e82','cde81aa9-00c4-48a4-aa00-39a9c4221550','ADJUSTMENT',50,204,254,'REF-6964',NOW()-interval '46 days');
INSERT INTO inventory.stock_movements (product_id,warehouse_id,reason,quantity_change,quantity_before,quantity_after,reference_id,created_at) VALUES ('2e99cf51-e779-4f05-a8dd-f4d0e8b149d7','803e1cb3-62e2-4707-afff-552694164cfb','TRANSFER',-10,257,247,'REF-7680',NOW()-interval '31 days');
INSERT INTO inventory.stock_movements (product_id,warehouse_id,reason,quantity_change,quantity_before,quantity_after,reference_id,created_at) VALUES ('2a3f0e07-d585-4f33-a33c-3c727ba9388c','803e1cb3-62e2-4707-afff-552694164cfb','TRANSFER',100,173,273,'REF-5539',NOW()-interval '34 days');
INSERT INTO inventory.stock_movements (product_id,warehouse_id,reason,quantity_change,quantity_before,quantity_after,reference_id,created_at) VALUES ('1a6cd4ff-1225-4691-86de-ae98e3e7254c','cde81aa9-00c4-48a4-aa00-39a9c4221550','SALE',-5,299,294,'REF-6869',NOW()-interval '53 days');
INSERT INTO inventory.stock_movements (product_id,warehouse_id,reason,quantity_change,quantity_before,quantity_after,reference_id,created_at) VALUES ('cfebfdba-5467-41dc-9e71-df7885233dae','cd98c7c4-37d0-42db-ae42-b948220f9da6','PURCHASE',20,120,140,'REF-2282',NOW()-interval '49 days');
INSERT INTO inventory.stock_movements (product_id,warehouse_id,reason,quantity_change,quantity_before,quantity_after,reference_id,created_at) VALUES ('2a51ce5c-bc42-4eba-88dc-a15052d36279','803e1cb3-62e2-4707-afff-552694164cfb','TRANSFER',20,87,107,'REF-3423',NOW()-interval '14 days');
INSERT INTO inventory.stock_movements (product_id,warehouse_id,reason,quantity_change,quantity_before,quantity_after,reference_id,created_at) VALUES ('1a6cd4ff-1225-4691-86de-ae98e3e7254c','803e1cb3-62e2-4707-afff-552694164cfb','PURCHASE',50,246,296,'REF-9448',NOW()-interval '11 days');
INSERT INTO inventory.stock_movements (product_id,warehouse_id,reason,quantity_change,quantity_before,quantity_after,reference_id,created_at) VALUES ('9929afac-0d7b-46dd-a320-9b4ab3ce645b','803e1cb3-62e2-4707-afff-552694164cfb','SALE',-10,140,130,'REF-7594',NOW()-interval '43 days');
INSERT INTO inventory.stock_movements (product_id,warehouse_id,reason,quantity_change,quantity_before,quantity_after,reference_id,created_at) VALUES ('9929afac-0d7b-46dd-a320-9b4ab3ce645b','cde81aa9-00c4-48a4-aa00-39a9c4221550','ADJUSTMENT',-10,291,281,'REF-5241',NOW()-interval '13 days');
INSERT INTO inventory.stock_movements (product_id,warehouse_id,reason,quantity_change,quantity_before,quantity_after,reference_id,created_at) VALUES ('5bfe05d3-087d-4bd5-b092-e105ac5764fb','cde81aa9-00c4-48a4-aa00-39a9c4221550','TRANSFER',-10,51,41,'REF-6480',NOW()-interval '27 days');
INSERT INTO inventory.stock_movements (product_id,warehouse_id,reason,quantity_change,quantity_before,quantity_after,reference_id,created_at) VALUES ('46fc3e3e-c5f5-48fd-b12c-cb9f06ab6e82','cd98c7c4-37d0-42db-ae42-b948220f9da6','ADJUSTMENT',20,122,142,'REF-4393',NOW()-interval '30 days');
INSERT INTO inventory.stock_movements (product_id,warehouse_id,reason,quantity_change,quantity_before,quantity_after,reference_id,created_at) VALUES ('9a0791fc-0d59-4486-b77e-3d4b7fea906d','cde81aa9-00c4-48a4-aa00-39a9c4221550','ADJUSTMENT',50,120,170,'REF-1224',NOW()-interval '52 days');
INSERT INTO inventory.stock_movements (product_id,warehouse_id,reason,quantity_change,quantity_before,quantity_after,reference_id,created_at) VALUES ('1a6cd4ff-1225-4691-86de-ae98e3e7254c','803e1cb3-62e2-4707-afff-552694164cfb','PURCHASE',50,77,127,'REF-3040',NOW()-interval '0 days');
INSERT INTO inventory.stock_movements (product_id,warehouse_id,reason,quantity_change,quantity_before,quantity_after,reference_id,created_at) VALUES ('2a51ce5c-bc42-4eba-88dc-a15052d36279','cde81aa9-00c4-48a4-aa00-39a9c4221550','SALE',-10,281,271,'REF-7315',NOW()-interval '58 days');
INSERT INTO inventory.stock_movements (product_id,warehouse_id,reason,quantity_change,quantity_before,quantity_after,reference_id,created_at) VALUES ('99c4baa4-4eec-441d-923b-db352ec5cb99','cde81aa9-00c4-48a4-aa00-39a9c4221550','ADJUSTMENT',-5,137,132,'REF-3189',NOW()-interval '51 days');
INSERT INTO inventory.stock_movements (product_id,warehouse_id,reason,quantity_change,quantity_before,quantity_after,reference_id,created_at) VALUES ('2a51ce5c-bc42-4eba-88dc-a15052d36279','cd98c7c4-37d0-42db-ae42-b948220f9da6','ADJUSTMENT',-5,61,56,'REF-3433',NOW()-interval '31 days');
INSERT INTO inventory.stock_movements (product_id,warehouse_id,reason,quantity_change,quantity_before,quantity_after,reference_id,created_at) VALUES ('99c4baa4-4eec-441d-923b-db352ec5cb99','803e1cb3-62e2-4707-afff-552694164cfb','PURCHASE',-5,115,110,'REF-9230',NOW()-interval '17 days');
INSERT INTO inventory.stock_movements (product_id,warehouse_id,reason,quantity_change,quantity_before,quantity_after,reference_id,created_at) VALUES ('0b2bf494-0b72-4494-8b9b-55a1961dff53','cde81aa9-00c4-48a4-aa00-39a9c4221550','TRANSFER',50,270,320,'REF-1562',NOW()-interval '40 days');
INSERT INTO orders.customers (id,code,company_name,contact_name,email,status,tier,payment_terms,credit_limit_cents) VALUES ('fdcb4069-2235-4e38-b2ad-a5af66974c67','CUST-001','Acme Corp','John Doe','john@acmecorp','ACTIVE','SILVER','NET30',4070000);
INSERT INTO orders.customers (id,code,company_name,contact_name,email,status,tier,payment_terms,credit_limit_cents) VALUES ('8bd9e5b7-66ea-4bf7-a14f-74cd290ce360','CUST-002','GlobalTech Ltd','Jane Wu','jane@globaltechltd','ACTIVE','GOLD','NET30',5000000);
INSERT INTO orders.customers (id,code,company_name,contact_name,email,status,tier,payment_terms,credit_limit_cents) VALUES ('dca72ebc-4ec6-474e-9745-f4641c8365c6','CUST-003','SiamSoft Co','Somchai P.','somchai@siamsoftco','ACTIVE','SILVER','NET30',1360000);
INSERT INTO orders.customers (id,code,company_name,contact_name,email,status,tier,payment_terms,credit_limit_cents) VALUES ('a58404ff-525d-4559-9662-56978530261f','CUST-004','BrightStar Inc','Alice Chen','alice@brightstarinc','ACTIVE','GOLD','NET30',3160000);
INSERT INTO orders.customers (id,code,company_name,contact_name,email,status,tier,payment_terms,credit_limit_cents) VALUES ('d12f06d4-285f-4855-a1b6-f672729a8342','CUST-005','Metro Solutions','Bob Park','bob@metrosolutions','ACTIVE','SILVER','NET30',2990000);
INSERT INTO orders.customers (id,code,company_name,contact_name,email,status,tier,payment_terms,credit_limit_cents) VALUES ('605d9088-a5a4-477e-898c-99a35b238ff9','CUST-006','CloudNine Systems','Maria L.','maria@cloudninesystems','ACTIVE','GOLD','NET30',4980000);
INSERT INTO orders.customers (id,code,company_name,contact_name,email,status,tier,payment_terms,credit_limit_cents) VALUES ('7dbe08f9-924e-416d-82ed-cc4012ea555e','CUST-007','DataPrime Analytics','Tom R.','tom@dataprimeanalytics','ACTIVE','BRONZE','NET30',4800000);
INSERT INTO orders.customers (id,code,company_name,contact_name,email,status,tier,payment_terms,credit_limit_cents) VALUES ('30881f46-c170-4c00-81c3-be7f827e6742','CUST-008','GreenLeaf Trading','Sara K.','sara@greenleaftrading','ACTIVE','GOLD','NET30',1980000);
INSERT INTO orders.suppliers (id,code,company_name,contact_name,status,rating) VALUES ('21dafb98-7342-4945-bbc2-e202c2d0d527','SUP-001','TechSource Global','Wei Zhang','ACTIVE','A');
INSERT INTO orders.suppliers (id,code,company_name,contact_name,status,rating) VALUES ('0d562c62-9e09-45e0-9b58-59bcd23bae33','SUP-002','OfficeMax Supply','Rita S.','ACTIVE','A');
INSERT INTO orders.suppliers (id,code,company_name,contact_name,status,rating) VALUES ('0cb3e828-d4f2-4d2a-a268-05b9a9427d0f','SUP-003','FurniPro Co','Anon T.','ACTIVE','B');
INSERT INTO orders.suppliers (id,code,company_name,contact_name,status,rating) VALUES ('5dd4add8-a6e4-4960-b0a0-57a890c3a95f','SUP-004','RawMat Industries','Kumar P.','ACTIVE','A');
INSERT INTO orders.suppliers (id,code,company_name,contact_name,status,rating) VALUES ('f2c86364-5de2-44a8-85cf-aa6ed171290b','SUP-005','PackRight Ltd','Lin Chen','ACTIVE','B');
INSERT INTO orders.sales_orders (id,order_number,customer_id,status,subtotal_cents,tax_amount_cents,shipping_cost_cents,total_amount_cents,order_date) VALUES ('e1cec5fe-d6b4-48ae-8b02-a119cc034239','SO-20260001','8bd9e5b7-66ea-4bf7-a14f-74cd290ce360','DRAFT',120000,8400,0,128400,'2026-01-02');
INSERT INTO orders.order_lines (id,order_id,line_number,product_id,product_name,sku,quantity_ordered,unit_price_cents,line_total_cents) VALUES ('1cd7e707-906d-4062-894b-773aa8adb61b','e1cec5fe-d6b4-48ae-8b02-a119cc034239',1,'5bfe05d3-087d-4bd5-b092-e105ac5764fb','1TB NVMe SSD','SSD-001',4,13000,52000);
INSERT INTO orders.order_lines (id,order_id,line_number,product_id,product_name,sku,quantity_ordered,unit_price_cents,line_total_cents) VALUES ('d675880c-da98-4e12-8869-4c8d39081191','e1cec5fe-d6b4-48ae-8b02-a119cc034239',2,'5bfe05d3-087d-4bd5-b092-e105ac5764fb','1TB NVMe SSD','SSD-001',5,13000,65000);
INSERT INTO orders.order_lines (id,order_id,line_number,product_id,product_name,sku,quantity_ordered,unit_price_cents,line_total_cents) VALUES ('79fefc08-2dbd-473b-9af3-cfa9aedb3354','e1cec5fe-d6b4-48ae-8b02-a119cc034239',3,'45c599b0-b293-4863-8b21-8fa938b64673','Ballpoint Pen Box','PEN-001',10,300,3000);
INSERT INTO orders.sales_orders (id,order_number,customer_id,status,subtotal_cents,tax_amount_cents,shipping_cost_cents,total_amount_cents,order_date) VALUES ('bac7d6b8-bbac-4826-9371-75ce6a480181','SO-20260002','d12f06d4-285f-4855-a1b6-f672729a8342','DRAFT',260000,18200,10000,288200,'2026-01-01');
INSERT INTO orders.order_lines (id,order_id,line_number,product_id,product_name,sku,quantity_ordered,unit_price_cents,line_total_cents) VALUES ('7d8be3f9-2a76-4560-8c2a-ee3864eec772','bac7d6b8-bbac-4826-9371-75ce6a480181',1,'46fc3e3e-c5f5-48fd-b12c-cb9f06ab6e82','Standing Desk','DSK-001',4,65000,260000);
INSERT INTO orders.sales_orders (id,order_number,customer_id,status,subtotal_cents,tax_amount_cents,shipping_cost_cents,total_amount_cents,order_date) VALUES ('fcb32fdc-dd0f-44d1-ad00-a9b11d4804f0','SO-20260003','7dbe08f9-924e-416d-82ed-cc4012ea555e','DRAFT',133500,9345,5000,147845,'2026-01-31');
INSERT INTO orders.order_lines (id,order_id,line_number,product_id,product_name,sku,quantity_ordered,unit_price_cents,line_total_cents) VALUES ('d01c1214-9283-4ab5-b102-51c70e221c45','fcb32fdc-dd0f-44d1-ad00-a9b11d4804f0',1,'9929afac-0d7b-46dd-a320-9b4ab3ce645b','A4 Paper Ream','PAP-001',3,500,1500);
INSERT INTO orders.order_lines (id,order_id,line_number,product_id,product_name,sku,quantity_ordered,unit_price_cents,line_total_cents) VALUES ('9ba0763f-5e3b-4bd7-a3b3-8f5ebe84b1e0','fcb32fdc-dd0f-44d1-ad00-a9b11d4804f0',2,'cfebfdba-5467-41dc-9e71-df7885233dae','HD Webcam','WBC-001',9,7000,63000);
INSERT INTO orders.order_lines (id,order_id,line_number,product_id,product_name,sku,quantity_ordered,unit_price_cents,line_total_cents) VALUES ('a3fa38ae-d3a0-4775-8a4d-873d430c4c4c','fcb32fdc-dd0f-44d1-ad00-a9b11d4804f0',3,'2a3f0e07-d585-4f33-a33c-3c727ba9388c','Wireless Mouse','MOU-001',1,4000,4000);
INSERT INTO orders.order_lines (id,order_id,line_number,product_id,product_name,sku,quantity_ordered,unit_price_cents,line_total_cents) VALUES ('086eb02a-0f20-4fc3-ba44-56bd44a5ff41','fcb32fdc-dd0f-44d1-ad00-a9b11d4804f0',4,'5bfe05d3-087d-4bd5-b092-e105ac5764fb','1TB NVMe SSD','SSD-001',5,13000,65000);
INSERT INTO orders.sales_orders (id,order_number,customer_id,status,subtotal_cents,tax_amount_cents,shipping_cost_cents,total_amount_cents,order_date) VALUES ('eb54218b-dfe6-411b-b4d6-6727e900ef41','SO-20260004','dca72ebc-4ec6-474e-9745-f4641c8365c6','CONFIRMED',566500,39655,0,606155,'2026-03-14');
INSERT INTO orders.order_lines (id,order_id,line_number,product_id,product_name,sku,quantity_ordered,unit_price_cents,line_total_cents) VALUES ('54400dbd-0c00-42d2-8ab3-cf191b7fe96c','eb54218b-dfe6-411b-b4d6-6727e900ef41',1,'5bfe05d3-087d-4bd5-b092-e105ac5764fb','1TB NVMe SSD','SSD-001',3,13000,39000);
INSERT INTO orders.order_lines (id,order_id,line_number,product_id,product_name,sku,quantity_ordered,unit_price_cents,line_total_cents) VALUES ('7d5d94e3-9d20-48e2-94f4-ad64b09c89ee','eb54218b-dfe6-411b-b4d6-6727e900ef41',2,'2e99cf51-e779-4f05-a8dd-f4d0e8b149d7','Cat6 Cable 10m','CAB-001',5,1500,7500);
INSERT INTO orders.order_lines (id,order_id,line_number,product_id,product_name,sku,quantity_ordered,unit_price_cents,line_total_cents) VALUES ('73182f26-573b-4d58-91bb-b329b89f0812','eb54218b-dfe6-411b-b4d6-6727e900ef41',3,'46fc3e3e-c5f5-48fd-b12c-cb9f06ab6e82','Standing Desk','DSK-001',8,65000,520000);
INSERT INTO orders.sales_orders (id,order_number,customer_id,status,subtotal_cents,tax_amount_cents,shipping_cost_cents,total_amount_cents,order_date) VALUES ('e9fe381b-bdec-424e-aac6-e9d48ca478d8','SO-20260005','605d9088-a5a4-477e-898c-99a35b238ff9','CONFIRMED',15000,1050,5000,21050,'2026-03-29');
INSERT INTO orders.order_lines (id,order_id,line_number,product_id,product_name,sku,quantity_ordered,unit_price_cents,line_total_cents) VALUES ('b74a215f-b032-46eb-a584-616abf7d0799','e9fe381b-bdec-424e-aac6-e9d48ca478d8',1,'9a0791fc-0d59-4486-b77e-3d4b7fea906d','USB-C Hub 7in1','HUB-001',3,5000,15000);
INSERT INTO orders.sales_orders (id,order_number,customer_id,status,subtotal_cents,tax_amount_cents,shipping_cost_cents,total_amount_cents,order_date) VALUES ('1868e1b0-2d36-42c9-b9f5-7cf2a2557988','SO-20260006','d12f06d4-285f-4855-a1b6-f672729a8342','DELIVERED',196000,13720,10000,219720,'2026-03-07');
INSERT INTO orders.order_lines (id,order_id,line_number,product_id,product_name,sku,quantity_ordered,unit_price_cents,line_total_cents) VALUES ('493c661a-7f9a-418b-9f4b-b62201f53ab6','1868e1b0-2d36-42c9-b9f5-7cf2a2557988',1,'2a3f0e07-d585-4f33-a33c-3c727ba9388c','Wireless Mouse','MOU-001',6,4000,24000);
INSERT INTO orders.order_lines (id,order_id,line_number,product_id,product_name,sku,quantity_ordered,unit_price_cents,line_total_cents) VALUES ('ad1cf8e0-8024-45f9-8508-103e00ebd0fc','1868e1b0-2d36-42c9-b9f5-7cf2a2557988',2,'9a0791fc-0d59-4486-b77e-3d4b7fea906d','USB-C Hub 7in1','HUB-001',6,5000,30000);
INSERT INTO orders.order_lines (id,order_id,line_number,product_id,product_name,sku,quantity_ordered,unit_price_cents,line_total_cents) VALUES ('dae39531-5f14-4237-b4e2-7ae9a1931848','1868e1b0-2d36-42c9-b9f5-7cf2a2557988',3,'46fc3e3e-c5f5-48fd-b12c-cb9f06ab6e82','Standing Desk','DSK-001',2,65000,130000);
INSERT INTO orders.order_lines (id,order_id,line_number,product_id,product_name,sku,quantity_ordered,unit_price_cents,line_total_cents) VALUES ('0e46dfb6-b5e9-45d2-b399-25bbacc3b519','1868e1b0-2d36-42c9-b9f5-7cf2a2557988',4,'2e99cf51-e779-4f05-a8dd-f4d0e8b149d7','Cat6 Cable 10m','CAB-001',8,1500,12000);
INSERT INTO orders.sales_orders (id,order_number,customer_id,status,subtotal_cents,tax_amount_cents,shipping_cost_cents,total_amount_cents,order_date) VALUES ('750e94ba-47f1-4b96-825c-c3bc216a6c64','SO-20260007','fdcb4069-2235-4e38-b2ad-a5af66974c67','DRAFT',57500,4025,5000,66525,'2026-02-27');
INSERT INTO orders.order_lines (id,order_id,line_number,product_id,product_name,sku,quantity_ordered,unit_price_cents,line_total_cents) VALUES ('7ad1d162-bad8-421c-a280-3917fab18e59','750e94ba-47f1-4b96-825c-c3bc216a6c64',1,'2a3f0e07-d585-4f33-a33c-3c727ba9388c','Wireless Mouse','MOU-001',4,4000,16000);
INSERT INTO orders.order_lines (id,order_id,line_number,product_id,product_name,sku,quantity_ordered,unit_price_cents,line_total_cents) VALUES ('920c0911-e97d-4163-a56b-98c00b5edfa0','750e94ba-47f1-4b96-825c-c3bc216a6c64',2,'362804b4-b62d-45d0-8508-0c94c9396441','USB Headset','HST-001',7,5500,38500);
INSERT INTO orders.order_lines (id,order_id,line_number,product_id,product_name,sku,quantity_ordered,unit_price_cents,line_total_cents) VALUES ('a0bcee1a-0f98-41ea-bcca-9c88502f8bfa','750e94ba-47f1-4b96-825c-c3bc216a6c64',3,'45c599b0-b293-4863-8b21-8fa938b64673','Ballpoint Pen Box','PEN-001',8,300,2400);
INSERT INTO orders.order_lines (id,order_id,line_number,product_id,product_name,sku,quantity_ordered,unit_price_cents,line_total_cents) VALUES ('eec166dd-6f81-4ec5-9926-612d70b862fd','750e94ba-47f1-4b96-825c-c3bc216a6c64',4,'45c599b0-b293-4863-8b21-8fa938b64673','Ballpoint Pen Box','PEN-001',2,300,600);
INSERT INTO orders.sales_orders (id,order_number,customer_id,status,subtotal_cents,tax_amount_cents,shipping_cost_cents,total_amount_cents,order_date) VALUES ('15db4acc-1a48-4a84-a7b5-86a2858058a7','SO-20260008','30881f46-c170-4c00-81c3-be7f827e6742','DRAFT',52000,3640,0,55640,'2026-03-08');
INSERT INTO orders.order_lines (id,order_id,line_number,product_id,product_name,sku,quantity_ordered,unit_price_cents,line_total_cents) VALUES ('9fa0adcc-70b7-4449-853a-dfb82b918f80','15db4acc-1a48-4a84-a7b5-86a2858058a7',1,'5bfe05d3-087d-4bd5-b092-e105ac5764fb','1TB NVMe SSD','SSD-001',4,13000,52000);
INSERT INTO orders.sales_orders (id,order_number,customer_id,status,subtotal_cents,tax_amount_cents,shipping_cost_cents,total_amount_cents,order_date) VALUES ('010f15c8-eafc-425e-b562-70c6a14fa7c1','SO-20260009','dca72ebc-4ec6-474e-9745-f4641c8365c6','DRAFT',89500,6265,10000,105765,'2026-02-06');
INSERT INTO orders.order_lines (id,order_id,line_number,product_id,product_name,sku,quantity_ordered,unit_price_cents,line_total_cents) VALUES ('3eaa3089-7002-43af-b31b-24d092d3d465','010f15c8-eafc-425e-b562-70c6a14fa7c1',1,'5bfe05d3-087d-4bd5-b092-e105ac5764fb','1TB NVMe SSD','SSD-001',5,13000,65000);
INSERT INTO orders.order_lines (id,order_id,line_number,product_id,product_name,sku,quantity_ordered,unit_price_cents,line_total_cents) VALUES ('450207a7-94e2-4814-87b2-14407fe85bdb','010f15c8-eafc-425e-b562-70c6a14fa7c1',2,'cfebfdba-5467-41dc-9e71-df7885233dae','HD Webcam','WBC-001',3,7000,21000);
INSERT INTO orders.order_lines (id,order_id,line_number,product_id,product_name,sku,quantity_ordered,unit_price_cents,line_total_cents) VALUES ('0d366a0e-2e63-4c85-bc40-438628474e34','010f15c8-eafc-425e-b562-70c6a14fa7c1',3,'9929afac-0d7b-46dd-a320-9b4ab3ce645b','A4 Paper Ream','PAP-001',7,500,3500);
INSERT INTO orders.sales_orders (id,order_number,customer_id,status,subtotal_cents,tax_amount_cents,shipping_cost_cents,total_amount_cents,order_date) VALUES ('ad5f401f-7228-48cd-8538-befd123f3164','SO-20260010','d12f06d4-285f-4855-a1b6-f672729a8342','DELIVERED',805000,56350,10000,871350,'2026-03-15');
INSERT INTO orders.order_lines (id,order_id,line_number,product_id,product_name,sku,quantity_ordered,unit_price_cents,line_total_cents) VALUES ('fc09eeb7-5ba8-4903-aad9-0849f269849a','ad5f401f-7228-48cd-8538-befd123f3164',1,'41858678-9032-4938-985c-b13a33c966b9','Ergonomic Chair','CHR-001',2,55000,110000);
INSERT INTO orders.order_lines (id,order_id,line_number,product_id,product_name,sku,quantity_ordered,unit_price_cents,line_total_cents) VALUES ('0124524a-c345-4e2b-a71d-7ad057a3e760','ad5f401f-7228-48cd-8538-befd123f3164',2,'41858678-9032-4938-985c-b13a33c966b9','Ergonomic Chair','CHR-001',9,55000,495000);
INSERT INTO orders.order_lines (id,order_id,line_number,product_id,product_name,sku,quantity_ordered,unit_price_cents,line_total_cents) VALUES ('7dd4b922-2b54-4cb8-a158-ca15211c13e9','ad5f401f-7228-48cd-8538-befd123f3164',3,'cfebfdba-5467-41dc-9e71-df7885233dae','HD Webcam','WBC-001',10,7000,70000);
INSERT INTO orders.order_lines (id,order_id,line_number,product_id,product_name,sku,quantity_ordered,unit_price_cents,line_total_cents) VALUES ('cff14889-6fa9-41a0-9470-88be1bf89f0d','ad5f401f-7228-48cd-8538-befd123f3164',4,'5bfe05d3-087d-4bd5-b092-e105ac5764fb','1TB NVMe SSD','SSD-001',10,13000,130000);
INSERT INTO orders.sales_orders (id,order_number,customer_id,status,subtotal_cents,tax_amount_cents,shipping_cost_cents,total_amount_cents,order_date) VALUES ('e28b7562-451c-4b57-bfe7-1430c7d848a2','SO-20260011','30881f46-c170-4c00-81c3-be7f827e6742','DRAFT',13000,910,0,13910,'2026-01-16');
INSERT INTO orders.order_lines (id,order_id,line_number,product_id,product_name,sku,quantity_ordered,unit_price_cents,line_total_cents) VALUES ('6c8686ea-1bcb-4d04-9595-0ad1e6c17b66','e28b7562-451c-4b57-bfe7-1430c7d848a2',1,'362804b4-b62d-45d0-8508-0c94c9396441','USB Headset','HST-001',1,5500,5500);
INSERT INTO orders.order_lines (id,order_id,line_number,product_id,product_name,sku,quantity_ordered,unit_price_cents,line_total_cents) VALUES ('89789dd0-2135-4c92-9bfd-3103153b18bb','e28b7562-451c-4b57-bfe7-1430c7d848a2',2,'9929afac-0d7b-46dd-a320-9b4ab3ce645b','A4 Paper Ream','PAP-001',7,500,3500);
INSERT INTO orders.order_lines (id,order_id,line_number,product_id,product_name,sku,quantity_ordered,unit_price_cents,line_total_cents) VALUES ('54bdc2e7-98ea-4530-8496-d28c319c3727','e28b7562-451c-4b57-bfe7-1430c7d848a2',3,'9929afac-0d7b-46dd-a320-9b4ab3ce645b','A4 Paper Ream','PAP-001',4,500,2000);
INSERT INTO orders.order_lines (id,order_id,line_number,product_id,product_name,sku,quantity_ordered,unit_price_cents,line_total_cents) VALUES ('c6bb719d-a316-4ab5-9d0a-4bbad3018f89','e28b7562-451c-4b57-bfe7-1430c7d848a2',4,'9929afac-0d7b-46dd-a320-9b4ab3ce645b','A4 Paper Ream','PAP-001',4,500,2000);
INSERT INTO orders.sales_orders (id,order_number,customer_id,status,subtotal_cents,tax_amount_cents,shipping_cost_cents,total_amount_cents,order_date) VALUES ('efe8507c-dda5-40c4-a58d-12d878731b26','SO-20260012','605d9088-a5a4-477e-898c-99a35b238ff9','CONFIRMED',497700,34839,5000,537539,'2026-02-21');
INSERT INTO orders.order_lines (id,order_id,line_number,product_id,product_name,sku,quantity_ordered,unit_price_cents,line_total_cents) VALUES ('8680f389-d01c-4aca-8c25-8ffe820cc3ef','efe8507c-dda5-40c4-a58d-12d878731b26',1,'45c599b0-b293-4863-8b21-8fa938b64673','Ballpoint Pen Box','PEN-001',9,300,2700);
INSERT INTO orders.order_lines (id,order_id,line_number,product_id,product_name,sku,quantity_ordered,unit_price_cents,line_total_cents) VALUES ('b683ecc6-22c9-498e-9f58-9d48de9e7989','efe8507c-dda5-40c4-a58d-12d878731b26',2,'41858678-9032-4938-985c-b13a33c966b9','Ergonomic Chair','CHR-001',9,55000,495000);
INSERT INTO orders.sales_orders (id,order_number,customer_id,status,subtotal_cents,tax_amount_cents,shipping_cost_cents,total_amount_cents,order_date) VALUES ('5dc40004-f605-4cea-bf0b-e2d5736ac97a','SO-20260013','d12f06d4-285f-4855-a1b6-f672729a8342','DELIVERED',325000,22750,10000,357750,'2026-01-24');
INSERT INTO orders.order_lines (id,order_id,line_number,product_id,product_name,sku,quantity_ordered,unit_price_cents,line_total_cents) VALUES ('2344e481-d268-42f5-a2a3-ab50d682ee3d','5dc40004-f605-4cea-bf0b-e2d5736ac97a',1,'46fc3e3e-c5f5-48fd-b12c-cb9f06ab6e82','Standing Desk','DSK-001',5,65000,325000);
INSERT INTO orders.sales_orders (id,order_number,customer_id,status,subtotal_cents,tax_amount_cents,shipping_cost_cents,total_amount_cents,order_date) VALUES ('88b6bef1-038c-4ee7-95cb-a7b975592e05','SO-20260014','a58404ff-525d-4559-9662-56978530261f','DELIVERED',205000,14350,5000,224350,'2026-04-11');
INSERT INTO orders.order_lines (id,order_id,line_number,product_id,product_name,sku,quantity_ordered,unit_price_cents,line_total_cents) VALUES ('a5f5b76b-d8ac-4919-a158-684af8347fb2','88b6bef1-038c-4ee7-95cb-a7b975592e05',1,'cfebfdba-5467-41dc-9e71-df7885233dae','HD Webcam','WBC-001',10,7000,70000);
INSERT INTO orders.order_lines (id,order_id,line_number,product_id,product_name,sku,quantity_ordered,unit_price_cents,line_total_cents) VALUES ('e65fc062-c5ae-4659-97dd-f4b9e9a926ac','88b6bef1-038c-4ee7-95cb-a7b975592e05',2,'ad6f34a5-8990-48d7-94cb-18a51ec87efc','27in 4K Monitor','MON-001',3,45000,135000);
INSERT INTO orders.sales_orders (id,order_number,customer_id,status,subtotal_cents,tax_amount_cents,shipping_cost_cents,total_amount_cents,order_date) VALUES ('7cc9f9d1-a4b2-4d37-bbd8-e62fc254b10d','SO-20260015','8bd9e5b7-66ea-4bf7-a14f-74cd290ce360','CONFIRMED',669000,46830,10000,725830,'2026-02-25');
INSERT INTO orders.order_lines (id,order_id,line_number,product_id,product_name,sku,quantity_ordered,unit_price_cents,line_total_cents) VALUES ('0baca2eb-eaa5-472e-9f26-4c4c86102e0b','7cc9f9d1-a4b2-4d37-bbd8-e62fc254b10d',1,'99c4baa4-4eec-441d-923b-db352ec5cb99','1500VA UPS','UPS-001',6,22000,132000);
INSERT INTO orders.order_lines (id,order_id,line_number,product_id,product_name,sku,quantity_ordered,unit_price_cents,line_total_cents) VALUES ('cb9398b9-df7c-41b2-b109-7177e99f7a2c','7cc9f9d1-a4b2-4d37-bbd8-e62fc254b10d',2,'41858678-9032-4938-985c-b13a33c966b9','Ergonomic Chair','CHR-001',9,55000,495000);
INSERT INTO orders.order_lines (id,order_id,line_number,product_id,product_name,sku,quantity_ordered,unit_price_cents,line_total_cents) VALUES ('961e5872-92a1-491d-bc66-1b4afbc0eaf8','7cc9f9d1-a4b2-4d37-bbd8-e62fc254b10d',3,'9929afac-0d7b-46dd-a320-9b4ab3ce645b','A4 Paper Ream','PAP-001',4,500,2000);
INSERT INTO orders.order_lines (id,order_id,line_number,product_id,product_name,sku,quantity_ordered,unit_price_cents,line_total_cents) VALUES ('7410e9b9-ead2-40ca-a6f2-04f18fd955d7','7cc9f9d1-a4b2-4d37-bbd8-e62fc254b10d',4,'9a0791fc-0d59-4486-b77e-3d4b7fea906d','USB-C Hub 7in1','HUB-001',8,5000,40000);
INSERT INTO orders.purchase_orders (id,po_number,supplier_id,status,subtotal_cents,tax_amount_cents,total_amount_cents,order_date,expected_delivery) VALUES ('95dbec74-0ccb-4e57-b7a1-caa42a3b5117','PO-20260001','21dafb98-7342-4945-bbc2-e202c2d0d527','DRAFT',3572000,250040,3822040,'2026-04-06','2026-04-22');
INSERT INTO orders.purchase_order_lines (id,po_id,line_number,product_id,product_name,quantity_ordered,unit_cost_cents,line_total_cents) VALUES ('913b9198-3db7-4697-964d-54a8160e4f44','95dbec74-0ccb-4e57-b7a1-caa42a3b5117',1,'41858678-9032-4938-985c-b13a33c966b9','Ergonomic Chair',54,38000,2052000);
INSERT INTO orders.purchase_order_lines (id,po_id,line_number,product_id,product_name,quantity_ordered,unit_cost_cents,line_total_cents) VALUES ('dbfa0fb7-dfd5-4a35-8e05-bff9239f9d33','95dbec74-0ccb-4e57-b7a1-caa42a3b5117',2,'1a6cd4ff-1225-4691-86de-ae98e3e7254c','32GB DDR5 Kit',106,12000,1272000);
INSERT INTO orders.purchase_order_lines (id,po_id,line_number,product_id,product_name,quantity_ordered,unit_cost_cents,line_total_cents) VALUES ('3e49c3ec-7da7-49ca-840e-76522939df4a','95dbec74-0ccb-4e57-b7a1-caa42a3b5117',3,'2a51ce5c-bc42-4eba-88dc-a15052d36279','Mechanical Keyboard',31,8000,248000);
INSERT INTO orders.purchase_orders (id,po_number,supplier_id,status,subtotal_cents,tax_amount_cents,total_amount_cents,order_date,expected_delivery) VALUES ('10da272d-61a6-4799-97e7-9bdca56b76e1','PO-20260002','0d562c62-9e09-45e0-9b58-59bcd23bae33','APPROVED',2550500,178535,2729035,'2026-03-05','2026-03-20');
INSERT INTO orders.purchase_order_lines (id,po_id,line_number,product_id,product_name,quantity_ordered,unit_cost_cents,line_total_cents) VALUES ('196c4eda-7036-445c-8733-2657ebdd59bb','10da272d-61a6-4799-97e7-9bdca56b76e1',1,'1a6cd4ff-1225-4691-86de-ae98e3e7254c','32GB DDR5 Kit',82,12000,984000);
INSERT INTO orders.purchase_order_lines (id,po_id,line_number,product_id,product_name,quantity_ordered,unit_cost_cents,line_total_cents) VALUES ('e1aca7fd-4918-482f-b0c5-408e1eb18c24','10da272d-61a6-4799-97e7-9bdca56b76e1',2,'362804b4-b62d-45d0-8508-0c94c9396441','USB Headset',155,3500,542500);
INSERT INTO orders.purchase_order_lines (id,po_id,line_number,product_id,product_name,quantity_ordered,unit_cost_cents,line_total_cents) VALUES ('b8bee89f-0bfc-4e45-bc00-ecf35d540e8f','10da272d-61a6-4799-97e7-9bdca56b76e1',3,'2a51ce5c-bc42-4eba-88dc-a15052d36279','Mechanical Keyboard',128,8000,1024000);
INSERT INTO orders.purchase_orders (id,po_number,supplier_id,status,subtotal_cents,tax_amount_cents,total_amount_cents,order_date,expected_delivery) VALUES ('a7789731-700e-42ae-a95b-1f105787b4ff','PO-20260003','f2c86364-5de2-44a8-85cf-aa6ed171290b','RECEIVED',7650000,535500,8185500,'2026-01-07','2026-01-31');
INSERT INTO orders.purchase_order_lines (id,po_id,line_number,product_id,product_name,quantity_ordered,unit_cost_cents,line_total_cents) VALUES ('82aa49f8-a0f2-4ba9-8a1d-3eaa627f9cde','a7789731-700e-42ae-a95b-1f105787b4ff',1,'46fc3e3e-c5f5-48fd-b12c-cb9f06ab6e82','Standing Desk',170,45000,7650000);
INSERT INTO orders.purchase_orders (id,po_number,supplier_id,status,subtotal_cents,tax_amount_cents,total_amount_cents,order_date,expected_delivery) VALUES ('e99dc44f-9192-4a4b-b904-87268cb6f713','PO-20260004','f2c86364-5de2-44a8-85cf-aa6ed171290b','DRAFT',18525000,1296750,19821750,'2026-02-28','2026-03-09');
INSERT INTO orders.purchase_order_lines (id,po_id,line_number,product_id,product_name,quantity_ordered,unit_cost_cents,line_total_cents) VALUES ('40265349-608a-41d2-ad56-f6bc654f58dd','e99dc44f-9192-4a4b-b904-87268cb6f713',1,'0b2bf494-0b72-4494-8b9b-55a1961dff53','Laptop Pro 15',145,120000,17400000);
INSERT INTO orders.purchase_order_lines (id,po_id,line_number,product_id,product_name,quantity_ordered,unit_cost_cents,line_total_cents) VALUES ('72c5a658-52a0-42e2-960e-a6d0d280c317','e99dc44f-9192-4a4b-b904-87268cb6f713',2,'5bfe05d3-087d-4bd5-b092-e105ac5764fb','1TB NVMe SSD',125,9000,1125000);
INSERT INTO orders.purchase_orders (id,po_number,supplier_id,status,subtotal_cents,tax_amount_cents,total_amount_cents,order_date,expected_delivery) VALUES ('2f74c4e1-48da-4cdb-b8c2-4355fc44930a','PO-20260005','21dafb98-7342-4945-bbc2-e202c2d0d527','APPROVED',4531350,317194,4848544,'2026-02-17','2026-03-12');
INSERT INTO orders.purchase_order_lines (id,po_id,line_number,product_id,product_name,quantity_ordered,unit_cost_cents,line_total_cents) VALUES ('4b78b0ad-266e-4baf-801a-77c3ebacccc4','2f74c4e1-48da-4cdb-b8c2-4355fc44930a',1,'5bfe05d3-087d-4bd5-b092-e105ac5764fb','1TB NVMe SSD',101,9000,909000);
INSERT INTO orders.purchase_order_lines (id,po_id,line_number,product_id,product_name,quantity_ordered,unit_cost_cents,line_total_cents) VALUES ('999010bc-0e97-4cef-b4d3-c03b8e2b47ea','2f74c4e1-48da-4cdb-b8c2-4355fc44930a',2,'0b2bf494-0b72-4494-8b9b-55a1961dff53','Laptop Pro 15',30,120000,3600000);
INSERT INTO orders.purchase_order_lines (id,po_id,line_number,product_id,product_name,quantity_ordered,unit_cost_cents,line_total_cents) VALUES ('7b7285f8-4ddd-4afe-9457-3a1607e9efc1','2f74c4e1-48da-4cdb-b8c2-4355fc44930a',3,'45c599b0-b293-4863-8b21-8fa938b64673','Ballpoint Pen Box',149,150,22350);
INSERT INTO orders.purchase_orders (id,po_number,supplier_id,status,subtotal_cents,tax_amount_cents,total_amount_cents,order_date,expected_delivery) VALUES ('09a13305-d9e4-4fa7-8b0c-e84a88d2ed2a','PO-20260006','21dafb98-7342-4945-bbc2-e202c2d0d527','APPROVED',10075000,705250,10780250,'2026-03-28','2026-04-10');
INSERT INTO orders.purchase_order_lines (id,po_id,line_number,product_id,product_name,quantity_ordered,unit_cost_cents,line_total_cents) VALUES ('e934fc14-fe8e-47ea-a900-d5a5603988d0','09a13305-d9e4-4fa7-8b0c-e84a88d2ed2a',1,'ad6f34a5-8990-48d7-94cb-18a51ec87efc','27in 4K Monitor',122,35000,4270000);
INSERT INTO orders.purchase_order_lines (id,po_id,line_number,product_id,product_name,quantity_ordered,unit_cost_cents,line_total_cents) VALUES ('6483e4f6-a5f6-4561-91b4-493397615507','09a13305-d9e4-4fa7-8b0c-e84a88d2ed2a',2,'0b2bf494-0b72-4494-8b9b-55a1961dff53','Laptop Pro 15',40,120000,4800000);
INSERT INTO orders.purchase_order_lines (id,po_id,line_number,product_id,product_name,quantity_ordered,unit_cost_cents,line_total_cents) VALUES ('ae21c79b-d72a-4247-848b-65443c869945','09a13305-d9e4-4fa7-8b0c-e84a88d2ed2a',3,'99c4baa4-4eec-441d-923b-db352ec5cb99','1500VA UPS',67,15000,1005000);
INSERT INTO orders.purchase_orders (id,po_number,supplier_id,status,subtotal_cents,tax_amount_cents,total_amount_cents,order_date,expected_delivery) VALUES ('d263d603-e1a2-4ab6-bc69-4fd34cb652af','PO-20260007','0cb3e828-d4f2-4d2a-a268-05b9a9427d0f','APPROVED',29700,2079,31779,'2026-01-03','2026-01-25');
INSERT INTO orders.purchase_order_lines (id,po_id,line_number,product_id,product_name,quantity_ordered,unit_cost_cents,line_total_cents) VALUES ('a5cafba8-3fe2-4237-8e30-693692d771d8','d263d603-e1a2-4ab6-bc69-4fd34cb652af',1,'9929afac-0d7b-46dd-a320-9b4ab3ce645b','A4 Paper Ream',99,300,29700);
INSERT INTO orders.purchase_orders (id,po_number,supplier_id,status,subtotal_cents,tax_amount_cents,total_amount_cents,order_date,expected_delivery) VALUES ('6c4f3f9a-6d34-4737-b182-cfc48cdecc6e','PO-20260008','f2c86364-5de2-44a8-85cf-aa6ed171290b','RECEIVED',468600,32802,501402,'2026-01-26','2026-02-07');
INSERT INTO orders.purchase_order_lines (id,po_id,line_number,product_id,product_name,quantity_ordered,unit_cost_cents,line_total_cents) VALUES ('73d4ae3c-de5e-40ed-bbc3-c7b1f9989f02','6c4f3f9a-6d34-4737-b182-cfc48cdecc6e',1,'2e99cf51-e779-4f05-a8dd-f4d0e8b149d7','Cat6 Cable 10m',72,800,57600);
INSERT INTO orders.purchase_order_lines (id,po_id,line_number,product_id,product_name,quantity_ordered,unit_cost_cents,line_total_cents) VALUES ('7cd81402-7c67-4c64-94de-2dd4d2d776da','6c4f3f9a-6d34-4737-b182-cfc48cdecc6e',2,'9a0791fc-0d59-4486-b77e-3d4b7fea906d','USB-C Hub 7in1',137,3000,411000);
INSERT INTO finance.journal_entries (id,entry_number,entry_date,description,status,total_debit_cents,total_credit_cents,fiscal_period) VALUES ('36757540-36d5-4a1c-93f5-4b009fc4e6ef','JE-2026-0001','2026-01-09','Monthly entry #1','POSTED',205706,205706,'2026-01');
INSERT INTO finance.journal_lines (journal_entry_id,line_number,account_id,debit_amount_cents,description) SELECT '36757540-36d5-4a1c-93f5-4b009fc4e6ef', 1, id, 205706, 'Debit entry' FROM finance.accounts WHERE account_number='6000';
INSERT INTO finance.journal_lines (journal_entry_id,line_number,account_id,credit_amount_cents,description) SELECT '36757540-36d5-4a1c-93f5-4b009fc4e6ef', 2, id, 205706, 'Credit entry' FROM finance.accounts WHERE account_number='1010';
INSERT INTO finance.journal_entries (id,entry_number,entry_date,description,status,total_debit_cents,total_credit_cents,fiscal_period) VALUES ('d10a7a53-dfde-4158-8576-1dc514cd1368','JE-2026-0002','2026-02-22','Monthly entry #2','POSTED',162889,162889,'2026-02');
INSERT INTO finance.journal_lines (journal_entry_id,line_number,account_id,debit_amount_cents,description) SELECT 'd10a7a53-dfde-4158-8576-1dc514cd1368', 1, id, 162889, 'Debit entry' FROM finance.accounts WHERE account_number='6000';
INSERT INTO finance.journal_lines (journal_entry_id,line_number,account_id,credit_amount_cents,description) SELECT 'd10a7a53-dfde-4158-8576-1dc514cd1368', 2, id, 162889, 'Credit entry' FROM finance.accounts WHERE account_number='1010';
INSERT INTO finance.journal_entries (id,entry_number,entry_date,description,status,total_debit_cents,total_credit_cents,fiscal_period) VALUES ('b70b5678-b858-4b6a-9c07-f1c245b52088','JE-2026-0003','2026-01-05','Monthly entry #3','POSTED',30762,30762,'2026-01');
INSERT INTO finance.journal_lines (journal_entry_id,line_number,account_id,debit_amount_cents,description) SELECT 'b70b5678-b858-4b6a-9c07-f1c245b52088', 1, id, 30762, 'Debit entry' FROM finance.accounts WHERE account_number='6000';
INSERT INTO finance.journal_lines (journal_entry_id,line_number,account_id,credit_amount_cents,description) SELECT 'b70b5678-b858-4b6a-9c07-f1c245b52088', 2, id, 30762, 'Credit entry' FROM finance.accounts WHERE account_number='1010';
INSERT INTO finance.journal_entries (id,entry_number,entry_date,description,status,total_debit_cents,total_credit_cents,fiscal_period) VALUES ('ee2db333-940a-466e-944b-f3cfaf41447f','JE-2026-0004','2026-04-23','Monthly entry #4','POSTED',422776,422776,'2026-04');
INSERT INTO finance.journal_lines (journal_entry_id,line_number,account_id,debit_amount_cents,description) SELECT 'ee2db333-940a-466e-944b-f3cfaf41447f', 1, id, 422776, 'Debit entry' FROM finance.accounts WHERE account_number='6000';
INSERT INTO finance.journal_lines (journal_entry_id,line_number,account_id,credit_amount_cents,description) SELECT 'ee2db333-940a-466e-944b-f3cfaf41447f', 2, id, 422776, 'Credit entry' FROM finance.accounts WHERE account_number='1010';
INSERT INTO finance.journal_entries (id,entry_number,entry_date,description,status,total_debit_cents,total_credit_cents,fiscal_period) VALUES ('fe64e71c-df69-456e-8692-be6b8900e094','JE-2026-0005','2026-01-25','Monthly entry #5','POSTED',114527,114527,'2026-01');
INSERT INTO finance.journal_lines (journal_entry_id,line_number,account_id,debit_amount_cents,description) SELECT 'fe64e71c-df69-456e-8692-be6b8900e094', 1, id, 114527, 'Debit entry' FROM finance.accounts WHERE account_number='6000';
INSERT INTO finance.journal_lines (journal_entry_id,line_number,account_id,credit_amount_cents,description) SELECT 'fe64e71c-df69-456e-8692-be6b8900e094', 2, id, 114527, 'Credit entry' FROM finance.accounts WHERE account_number='1010';
INSERT INTO finance.journal_entries (id,entry_number,entry_date,description,status,total_debit_cents,total_credit_cents,fiscal_period) VALUES ('c9bfcf42-7943-4bad-b580-f04f7efd7c52','JE-2026-0006','2026-01-13','Monthly entry #6','POSTED',73781,73781,'2026-01');
INSERT INTO finance.journal_lines (journal_entry_id,line_number,account_id,debit_amount_cents,description) SELECT 'c9bfcf42-7943-4bad-b580-f04f7efd7c52', 1, id, 73781, 'Debit entry' FROM finance.accounts WHERE account_number='6000';
INSERT INTO finance.journal_lines (journal_entry_id,line_number,account_id,credit_amount_cents,description) SELECT 'c9bfcf42-7943-4bad-b580-f04f7efd7c52', 2, id, 73781, 'Credit entry' FROM finance.accounts WHERE account_number='1010';
INSERT INTO finance.journal_entries (id,entry_number,entry_date,description,status,total_debit_cents,total_credit_cents,fiscal_period) VALUES ('db1de496-6945-451d-8888-bba0e07dc0b0','JE-2026-0007','2026-04-05','Monthly entry #7','POSTED',451022,451022,'2026-04');
INSERT INTO finance.journal_lines (journal_entry_id,line_number,account_id,debit_amount_cents,description) SELECT 'db1de496-6945-451d-8888-bba0e07dc0b0', 1, id, 451022, 'Debit entry' FROM finance.accounts WHERE account_number='6000';
INSERT INTO finance.journal_lines (journal_entry_id,line_number,account_id,credit_amount_cents,description) SELECT 'db1de496-6945-451d-8888-bba0e07dc0b0', 2, id, 451022, 'Credit entry' FROM finance.accounts WHERE account_number='1010';
INSERT INTO finance.journal_entries (id,entry_number,entry_date,description,status,total_debit_cents,total_credit_cents,fiscal_period) VALUES ('bbd3832e-fb46-47e1-bf05-4ae280089cbb','JE-2026-0008','2026-02-24','Monthly entry #8','POSTED',354463,354463,'2026-02');
INSERT INTO finance.journal_lines (journal_entry_id,line_number,account_id,debit_amount_cents,description) SELECT 'bbd3832e-fb46-47e1-bf05-4ae280089cbb', 1, id, 354463, 'Debit entry' FROM finance.accounts WHERE account_number='6000';
INSERT INTO finance.journal_lines (journal_entry_id,line_number,account_id,credit_amount_cents,description) SELECT 'bbd3832e-fb46-47e1-bf05-4ae280089cbb', 2, id, 354463, 'Credit entry' FROM finance.accounts WHERE account_number='1010';
INSERT INTO finance.journal_entries (id,entry_number,entry_date,description,status,total_debit_cents,total_credit_cents,fiscal_period) VALUES ('b3d03b6d-64a2-4e5f-8dbb-3419acb07ded','JE-2026-0009','2026-01-06','Monthly entry #9','POSTED',230122,230122,'2026-01');
INSERT INTO finance.journal_lines (journal_entry_id,line_number,account_id,debit_amount_cents,description) SELECT 'b3d03b6d-64a2-4e5f-8dbb-3419acb07ded', 1, id, 230122, 'Debit entry' FROM finance.accounts WHERE account_number='6000';
INSERT INTO finance.journal_lines (journal_entry_id,line_number,account_id,credit_amount_cents,description) SELECT 'b3d03b6d-64a2-4e5f-8dbb-3419acb07ded', 2, id, 230122, 'Credit entry' FROM finance.accounts WHERE account_number='1010';
INSERT INTO finance.journal_entries (id,entry_number,entry_date,description,status,total_debit_cents,total_credit_cents,fiscal_period) VALUES ('4ebef18a-57e3-4b9b-8036-4892516698b3','JE-2026-0010','2026-03-10','Monthly entry #10','POSTED',10561,10561,'2026-03');
INSERT INTO finance.journal_lines (journal_entry_id,line_number,account_id,debit_amount_cents,description) SELECT '4ebef18a-57e3-4b9b-8036-4892516698b3', 1, id, 10561, 'Debit entry' FROM finance.accounts WHERE account_number='6000';
INSERT INTO finance.journal_lines (journal_entry_id,line_number,account_id,credit_amount_cents,description) SELECT '4ebef18a-57e3-4b9b-8036-4892516698b3', 2, id, 10561, 'Credit entry' FROM finance.accounts WHERE account_number='1010';
INSERT INTO finance.invoices (id,invoice_number,invoice_type,customer_id,customer_name,status,subtotal_cents,tax_amount_cents,total_amount_cents,amount_paid_cents,amount_due_cents,invoice_date,due_date,payment_terms) VALUES ('00c04082-8838-40d6-b59d-826c65dd32c2','INV-2026-0001','SALES','605d9088-a5a4-477e-898c-99a35b238ff9','CloudNine Systems','OVERDUE',1867208,130704,1997912,253855,1744057,'2026-04-16','2026-05-16','NET30');
INSERT INTO finance.invoice_lines (invoice_id,line_number,description,product_id,quantity,unit_price_cents,tax_rate,tax_amount_cents,line_total_cents) VALUES ('00c04082-8838-40d6-b59d-826c65dd32c2',1,'32GB DDR5 Kit','1a6cd4ff-1225-4691-86de-ae98e3e7254c',9,18000,0.07,11340,162000);
INSERT INTO finance.invoice_lines (invoice_id,line_number,description,product_id,quantity,unit_price_cents,tax_rate,tax_amount_cents,line_total_cents) VALUES ('00c04082-8838-40d6-b59d-826c65dd32c2',2,'Ergonomic Chair','41858678-9032-4938-985c-b13a33c966b9',5,55000,0.07,19250,275000);
INSERT INTO finance.invoices (id,invoice_number,invoice_type,customer_id,customer_name,status,subtotal_cents,tax_amount_cents,total_amount_cents,amount_paid_cents,amount_due_cents,invoice_date,due_date,payment_terms) VALUES ('40ab1da8-0482-43a4-af30-7b058f75f2b9','INV-2026-0002','SALES','d12f06d4-285f-4855-a1b6-f672729a8342','Metro Solutions','SENT',836399,58547,894946,0,894946,'2026-04-27','2026-05-27','NET30');
INSERT INTO finance.invoice_lines (invoice_id,line_number,description,product_id,quantity,unit_price_cents,tax_rate,tax_amount_cents,line_total_cents) VALUES ('40ab1da8-0482-43a4-af30-7b058f75f2b9',1,'USB-C Hub 7in1','9a0791fc-0d59-4486-b77e-3d4b7fea906d',1,5000,0.07,350,5000);
INSERT INTO finance.invoice_lines (invoice_id,line_number,description,product_id,quantity,unit_price_cents,tax_rate,tax_amount_cents,line_total_cents) VALUES ('40ab1da8-0482-43a4-af30-7b058f75f2b9',2,'Wireless Mouse','2a3f0e07-d585-4f33-a33c-3c727ba9388c',6,4000,0.07,1680,24000);
INSERT INTO finance.invoices (id,invoice_number,invoice_type,customer_id,customer_name,status,subtotal_cents,tax_amount_cents,total_amount_cents,amount_paid_cents,amount_due_cents,invoice_date,due_date,payment_terms) VALUES ('feead010-02ff-45c9-984f-11505ca8044c','INV-2026-0003','SALES','7dbe08f9-924e-416d-82ed-cc4012ea555e','DataPrime Analytics','PAID',1280677,89647,1370324,1370324,0,'2026-01-31','2026-03-02','NET30');
INSERT INTO finance.invoice_lines (invoice_id,line_number,description,product_id,quantity,unit_price_cents,tax_rate,tax_amount_cents,line_total_cents) VALUES ('feead010-02ff-45c9-984f-11505ca8044c',1,'Ballpoint Pen Box','45c599b0-b293-4863-8b21-8fa938b64673',2,300,0.07,42,600);
INSERT INTO finance.payments (invoice_id,amount_cents,payment_method,reference_number,payment_date) VALUES ('feead010-02ff-45c9-984f-11505ca8044c',1370324,'BANK_TRANSFER','PAY-62313','2026-02-22');
INSERT INTO finance.invoices (id,invoice_number,invoice_type,customer_id,customer_name,status,subtotal_cents,tax_amount_cents,total_amount_cents,amount_paid_cents,amount_due_cents,invoice_date,due_date,payment_terms) VALUES ('92c86bfa-5d4d-4814-a3ea-656e497de7c1','INV-2026-0004','SALES','d12f06d4-285f-4855-a1b6-f672729a8342','Metro Solutions','OVERDUE',741147,51880,793027,460390,332637,'2026-02-10','2026-03-12','NET30');
INSERT INTO finance.invoice_lines (invoice_id,line_number,description,product_id,quantity,unit_price_cents,tax_rate,tax_amount_cents,line_total_cents) VALUES ('92c86bfa-5d4d-4814-a3ea-656e497de7c1',1,'Standing Desk','46fc3e3e-c5f5-48fd-b12c-cb9f06ab6e82',8,65000,0.07,36400,520000);
INSERT INTO finance.invoices (id,invoice_number,invoice_type,customer_id,customer_name,status,subtotal_cents,tax_amount_cents,total_amount_cents,amount_paid_cents,amount_due_cents,invoice_date,due_date,payment_terms) VALUES ('324cf8cb-8995-4d59-8d07-cfee27ce2c8d','INV-2026-0005','SALES','fdcb4069-2235-4e38-b2ad-a5af66974c67','Acme Corp','OVERDUE',1759714,123179,1882893,581070,1301823,'2026-04-06','2026-05-06','NET30');
INSERT INTO finance.invoice_lines (invoice_id,line_number,description,product_id,quantity,unit_price_cents,tax_rate,tax_amount_cents,line_total_cents) VALUES ('324cf8cb-8995-4d59-8d07-cfee27ce2c8d',1,'27in 4K Monitor','ad6f34a5-8990-48d7-94cb-18a51ec87efc',1,45000,0.07,3150,45000);
INSERT INTO finance.invoice_lines (invoice_id,line_number,description,product_id,quantity,unit_price_cents,tax_rate,tax_amount_cents,line_total_cents) VALUES ('324cf8cb-8995-4d59-8d07-cfee27ce2c8d',2,'Laptop Pro 15','0b2bf494-0b72-4494-8b9b-55a1961dff53',3,150000,0.07,31500,450000);
INSERT INTO finance.invoices (id,invoice_number,invoice_type,customer_id,customer_name,status,subtotal_cents,tax_amount_cents,total_amount_cents,amount_paid_cents,amount_due_cents,invoice_date,due_date,payment_terms) VALUES ('34d8a494-bdb2-4596-8192-83b0824c599e','INV-2026-0006','SALES','8bd9e5b7-66ea-4bf7-a14f-74cd290ce360','GlobalTech Ltd','PAID',514414,36008,550422,550422,0,'2026-01-01','2026-01-31','NET30');
INSERT INTO finance.invoice_lines (invoice_id,line_number,description,product_id,quantity,unit_price_cents,tax_rate,tax_amount_cents,line_total_cents) VALUES ('34d8a494-bdb2-4596-8192-83b0824c599e',1,'32GB DDR5 Kit','1a6cd4ff-1225-4691-86de-ae98e3e7254c',6,18000,0.07,7560,108000);
INSERT INTO finance.payments (invoice_id,amount_cents,payment_method,reference_number,payment_date) VALUES ('34d8a494-bdb2-4596-8192-83b0824c599e',550422,'CREDIT_CARD','PAY-36534','2026-01-22');
INSERT INTO finance.invoices (id,invoice_number,invoice_type,customer_id,customer_name,status,subtotal_cents,tax_amount_cents,total_amount_cents,amount_paid_cents,amount_due_cents,invoice_date,due_date,payment_terms) VALUES ('0e431672-005d-42e1-8e32-7ea658c458c4','INV-2026-0007','SALES','30881f46-c170-4c00-81c3-be7f827e6742','GreenLeaf Trading','SENT',1276910,89383,1366293,0,1366293,'2026-04-26','2026-05-26','NET30');
INSERT INTO finance.invoice_lines (invoice_id,line_number,description,product_id,quantity,unit_price_cents,tax_rate,tax_amount_cents,line_total_cents) VALUES ('0e431672-005d-42e1-8e32-7ea658c458c4',1,'1TB NVMe SSD','5bfe05d3-087d-4bd5-b092-e105ac5764fb',8,13000,0.07,7280,104000);
INSERT INTO finance.invoices (id,invoice_number,invoice_type,customer_id,customer_name,status,subtotal_cents,tax_amount_cents,total_amount_cents,amount_paid_cents,amount_due_cents,invoice_date,due_date,payment_terms) VALUES ('604d0e64-1acb-4827-bd8d-13149dd75a2b','INV-2026-0008','SALES','30881f46-c170-4c00-81c3-be7f827e6742','GreenLeaf Trading','OVERDUE',523020,36611,559631,23029,536602,'2026-03-22','2026-04-21','NET30');
INSERT INTO finance.invoice_lines (invoice_id,line_number,description,product_id,quantity,unit_price_cents,tax_rate,tax_amount_cents,line_total_cents) VALUES ('604d0e64-1acb-4827-bd8d-13149dd75a2b',1,'Cat6 Cable 10m','2e99cf51-e779-4f05-a8dd-f4d0e8b149d7',9,1500,0.07,945,13500);
INSERT INTO finance.invoice_lines (invoice_id,line_number,description,product_id,quantity,unit_price_cents,tax_rate,tax_amount_cents,line_total_cents) VALUES ('604d0e64-1acb-4827-bd8d-13149dd75a2b',2,'Ergonomic Chair','41858678-9032-4938-985c-b13a33c966b9',3,55000,0.07,11550,165000);
INSERT INTO finance.invoices (id,invoice_number,invoice_type,customer_id,customer_name,status,subtotal_cents,tax_amount_cents,total_amount_cents,amount_paid_cents,amount_due_cents,invoice_date,due_date,payment_terms) VALUES ('56d57132-88e9-4c5c-b155-de16c2a7e40a','INV-2026-0009','SALES','a58404ff-525d-4559-9662-56978530261f','BrightStar Inc','PAID',1859882,130191,1990073,1990073,0,'2026-04-20','2026-05-20','NET30');
INSERT INTO finance.invoice_lines (invoice_id,line_number,description,product_id,quantity,unit_price_cents,tax_rate,tax_amount_cents,line_total_cents) VALUES ('56d57132-88e9-4c5c-b155-de16c2a7e40a',1,'Standing Desk','46fc3e3e-c5f5-48fd-b12c-cb9f06ab6e82',8,65000,0.07,36400,520000);
INSERT INTO finance.invoice_lines (invoice_id,line_number,description,product_id,quantity,unit_price_cents,tax_rate,tax_amount_cents,line_total_cents) VALUES ('56d57132-88e9-4c5c-b155-de16c2a7e40a',2,'Laptop Pro 15','0b2bf494-0b72-4494-8b9b-55a1961dff53',4,150000,0.07,42000,600000);
INSERT INTO finance.payments (invoice_id,amount_cents,payment_method,reference_number,payment_date) VALUES ('56d57132-88e9-4c5c-b155-de16c2a7e40a',1990073,'CHECK','PAY-97685','2026-05-20');
INSERT INTO finance.invoices (id,invoice_number,invoice_type,customer_id,customer_name,status,subtotal_cents,tax_amount_cents,total_amount_cents,amount_paid_cents,amount_due_cents,invoice_date,due_date,payment_terms) VALUES ('8f6cd676-3ad2-445d-94fb-45d7f4917427','INV-2026-0010','SALES','605d9088-a5a4-477e-898c-99a35b238ff9','CloudNine Systems','PAID',1221348,85494,1306842,1306842,0,'2026-04-15','2026-05-15','NET30');
INSERT INTO finance.invoice_lines (invoice_id,line_number,description,product_id,quantity,unit_price_cents,tax_rate,tax_amount_cents,line_total_cents) VALUES ('8f6cd676-3ad2-445d-94fb-45d7f4917427',1,'HD Webcam','cfebfdba-5467-41dc-9e71-df7885233dae',8,7000,0.07,3920,56000);
INSERT INTO finance.invoice_lines (invoice_id,line_number,description,product_id,quantity,unit_price_cents,tax_rate,tax_amount_cents,line_total_cents) VALUES ('8f6cd676-3ad2-445d-94fb-45d7f4917427',2,'32GB DDR5 Kit','1a6cd4ff-1225-4691-86de-ae98e3e7254c',6,18000,0.07,7560,108000);
INSERT INTO finance.payments (invoice_id,amount_cents,payment_method,reference_number,payment_date) VALUES ('8f6cd676-3ad2-445d-94fb-45d7f4917427',1306842,'CREDIT_CARD','PAY-47338','2026-05-08');
INSERT INTO finance.invoices (id,invoice_number,invoice_type,customer_id,customer_name,status,subtotal_cents,tax_amount_cents,total_amount_cents,amount_paid_cents,amount_due_cents,invoice_date,due_date,payment_terms) VALUES ('36f998f1-2ca9-4434-8181-2f55d27315ad','INV-2026-0011','SALES','dca72ebc-4ec6-474e-9745-f4641c8365c6','SiamSoft Co','PAID',84673,5927,90600,90600,0,'2026-03-18','2026-04-17','NET30');
INSERT INTO finance.invoice_lines (invoice_id,line_number,description,product_id,quantity,unit_price_cents,tax_rate,tax_amount_cents,line_total_cents) VALUES ('36f998f1-2ca9-4434-8181-2f55d27315ad',1,'Ballpoint Pen Box','45c599b0-b293-4863-8b21-8fa938b64673',10,300,0.07,210,3000);
INSERT INTO finance.invoice_lines (invoice_id,line_number,description,product_id,quantity,unit_price_cents,tax_rate,tax_amount_cents,line_total_cents) VALUES ('36f998f1-2ca9-4434-8181-2f55d27315ad',2,'Mechanical Keyboard','2a51ce5c-bc42-4eba-88dc-a15052d36279',5,12000,0.07,4200,60000);
INSERT INTO finance.payments (invoice_id,amount_cents,payment_method,reference_number,payment_date) VALUES ('36f998f1-2ca9-4434-8181-2f55d27315ad',90600,'BANK_TRANSFER','PAY-78019','2026-04-17');
INSERT INTO finance.invoices (id,invoice_number,invoice_type,customer_id,customer_name,status,subtotal_cents,tax_amount_cents,total_amount_cents,amount_paid_cents,amount_due_cents,invoice_date,due_date,payment_terms) VALUES ('a778dd32-1da6-4b54-8ab6-d1baa26e11e3','INV-2026-0012','SALES','d12f06d4-285f-4855-a1b6-f672729a8342','Metro Solutions','OVERDUE',1037615,72633,1110248,216486,893762,'2026-03-18','2026-04-17','NET30');
INSERT INTO finance.invoice_lines (invoice_id,line_number,description,product_id,quantity,unit_price_cents,tax_rate,tax_amount_cents,line_total_cents) VALUES ('a778dd32-1da6-4b54-8ab6-d1baa26e11e3',1,'USB-C Hub 7in1','9a0791fc-0d59-4486-b77e-3d4b7fea906d',10,5000,0.07,3500,50000);
INSERT INTO finance.budgets (id,name,fiscal_year,department_id,status,total_budget_cents,total_actual_cents,variance_cents) VALUES ('90f9af03-1a26-4f56-af41-114d45517bac','Engineering Budget 2026','2026','11b0e354-a8b7-44e0-add4-59c6669fbcab','APPROVED',2098936,1455705,643231);
INSERT INTO finance.budget_lines (budget_id,account_id,period,budgeted_cents,actual_cents,variance_cents) SELECT '90f9af03-1a26-4f56-af41-114d45517bac', id, '2026-Q1', 524734, 437610, 87124 FROM finance.accounts WHERE account_number='6000';
INSERT INTO finance.budget_lines (budget_id,account_id,period,budgeted_cents,actual_cents,variance_cents) SELECT '90f9af03-1a26-4f56-af41-114d45517bac', id, '2026-Q2', 524734, 554420, -29686 FROM finance.accounts WHERE account_number='6000';
INSERT INTO finance.budget_lines (budget_id,account_id,period,budgeted_cents,actual_cents,variance_cents) SELECT '90f9af03-1a26-4f56-af41-114d45517bac', id, '2026-Q3', 524734, 336141, 188593 FROM finance.accounts WHERE account_number='6000';
INSERT INTO finance.budget_lines (budget_id,account_id,period,budgeted_cents,actual_cents,variance_cents) SELECT '90f9af03-1a26-4f56-af41-114d45517bac', id, '2026-Q4', 524734, 135077, 389657 FROM finance.accounts WHERE account_number='6000';
INSERT INTO finance.budgets (id,name,fiscal_year,department_id,status,total_budget_cents,total_actual_cents,variance_cents) VALUES ('8c3a5ec5-c5fb-48b8-8953-3e25011ed8c4','Finance Budget 2026','2026','f094a802-ce89-49d4-9069-1c1f215da62e','APPROVED',3970738,3148202,822536);
INSERT INTO finance.budget_lines (budget_id,account_id,period,budgeted_cents,actual_cents,variance_cents) SELECT '8c3a5ec5-c5fb-48b8-8953-3e25011ed8c4', id, '2026-Q1', 992684, 557449, 435235 FROM finance.accounts WHERE account_number='6000';
INSERT INTO finance.budget_lines (budget_id,account_id,period,budgeted_cents,actual_cents,variance_cents) SELECT '8c3a5ec5-c5fb-48b8-8953-3e25011ed8c4', id, '2026-Q2', 992684, 344066, 648618 FROM finance.accounts WHERE account_number='6000';
INSERT INTO finance.budget_lines (budget_id,account_id,period,budgeted_cents,actual_cents,variance_cents) SELECT '8c3a5ec5-c5fb-48b8-8953-3e25011ed8c4', id, '2026-Q3', 992684, 537425, 455259 FROM finance.accounts WHERE account_number='6000';
INSERT INTO finance.budget_lines (budget_id,account_id,period,budgeted_cents,actual_cents,variance_cents) SELECT '8c3a5ec5-c5fb-48b8-8953-3e25011ed8c4', id, '2026-Q4', 992684, 915042, 77642 FROM finance.accounts WHERE account_number='6000';
INSERT INTO finance.budgets (id,name,fiscal_year,department_id,status,total_budget_cents,total_actual_cents,variance_cents) VALUES ('cee346cd-eb12-4503-94a9-674e22d90c47','Human Resources Budget 2026','2026','71f129d1-7ffd-4c71-b49a-c647be10aa53','APPROVED',2581003,1508450,1072553);
INSERT INTO finance.budget_lines (budget_id,account_id,period,budgeted_cents,actual_cents,variance_cents) SELECT 'cee346cd-eb12-4503-94a9-674e22d90c47', id, '2026-Q1', 645250, 497485, 147765 FROM finance.accounts WHERE account_number='6000';
INSERT INTO finance.budget_lines (budget_id,account_id,period,budgeted_cents,actual_cents,variance_cents) SELECT 'cee346cd-eb12-4503-94a9-674e22d90c47', id, '2026-Q2', 645250, 630454, 14796 FROM finance.accounts WHERE account_number='6000';
INSERT INTO finance.budget_lines (budget_id,account_id,period,budgeted_cents,actual_cents,variance_cents) SELECT 'cee346cd-eb12-4503-94a9-674e22d90c47', id, '2026-Q3', 645250, 639610, 5640 FROM finance.accounts WHERE account_number='6000';
INSERT INTO finance.budget_lines (budget_id,account_id,period,budgeted_cents,actual_cents,variance_cents) SELECT 'cee346cd-eb12-4503-94a9-674e22d90c47', id, '2026-Q4', 645250, 533134, 112116 FROM finance.accounts WHERE account_number='6000';
INSERT INTO finance.budgets (id,name,fiscal_year,department_id,status,total_budget_cents,total_actual_cents,variance_cents) VALUES ('f7b57b0d-65e3-4728-b3d6-9d4c6a028859','Marketing Budget 2026','2026','2d142b32-c924-4703-8c3b-ac01ca5aa383','APPROVED',2679938,2204510,475428);
INSERT INTO finance.budget_lines (budget_id,account_id,period,budgeted_cents,actual_cents,variance_cents) SELECT 'f7b57b0d-65e3-4728-b3d6-9d4c6a028859', id, '2026-Q1', 669984, 331506, 338478 FROM finance.accounts WHERE account_number='6000';
INSERT INTO finance.budget_lines (budget_id,account_id,period,budgeted_cents,actual_cents,variance_cents) SELECT 'f7b57b0d-65e3-4728-b3d6-9d4c6a028859', id, '2026-Q2', 669984, 476278, 193706 FROM finance.accounts WHERE account_number='6000';
INSERT INTO finance.budget_lines (budget_id,account_id,period,budgeted_cents,actual_cents,variance_cents) SELECT 'f7b57b0d-65e3-4728-b3d6-9d4c6a028859', id, '2026-Q3', 669984, 447780, 222204 FROM finance.accounts WHERE account_number='6000';
INSERT INTO finance.budget_lines (budget_id,account_id,period,budgeted_cents,actual_cents,variance_cents) SELECT 'f7b57b0d-65e3-4728-b3d6-9d4c6a028859', id, '2026-Q4', 669984, 728756, -58772 FROM finance.accounts WHERE account_number='6000';
COMMIT;